order_id,restaurant_id,customer_id,carrier_id,customer_lat,customer_lon,date,time,is_peak_time,is_weekend,carrier_vehicle,shopping_cart,coupon_discount,order_price,shortest_distance_to_customer,travel_time_minutes,restaurant_rating,delivery_charges
ORD192636,REST0978,CUST08006,COUR2992,-37.8196142,145.0099096,2020-08-10,06:19:46,0,0,Car,"[('sweet corn soup', 1), ('chicken tikka', 3)]",10,68.08,4971.0,12,9.02,4.0293
ORD272738,REST0774,CUST07704,COUR4925,-37.7996225,144.955018,2020-05-02,18:19:46,1,1,Bike,"[('cocktails', 2), ('beer', 2), ('new zealand lamb chops', 1), ('red wine sangria', 1)]",0,86.66,2610.0,13,9.51,6.0322
ORD227107,REST1420,CUST01854,COUR1894,-37.8249041,145.0086064,2020-03-29,00:11:52,0,1,Car,"[('chicken biryani', 1), ('beef fry', 1), ('roast beef', 3)]",0,74.79,6640.0,16,9.26,5.164571783169675
ORD335629,REST1420,CUST10362,COUR4578,-37.8248764,144.9916617,2020-12-21,16:21:05,0,0,Motorbike,"[('chicken biryani', 3), ('beef fry', 2)]",0,80.78,4977.0,10,9.26,3.9166
ORD046630,REST1829,CUST00975,COUR2439,-37.8113564,144.9641723,2020-09-19,06:03:57,0,1,Motorbike,"[('sweet corn soup', 2), ('egg fried rice', 2), ('manchurian', 1), ('momos', 2)]",0,117.48,3511.0,7,8.05,4.5886
ORD234383,REST0774,CUST00633,COUR3161,-37.8043773,144.9426537,2020-03-17,19:27:01,1,0,Car,"[('new zealand lamb chops', 2), ('sunday brunch', 2), ('cocktails', 2)]",0,100.84,2895.0,7,9.51,4.728095030865272
ORD320429,REST2023,CUST12147,COUR3688,-37.819245,144.96518,2020-08-26,16:44:50,0,0,Motorbike,"[('roast chicken', 3), ('duck roast', 3), ('appam', 2), ('vegetable stew', 2)]",10,131.12,2154.0,4,8.39,3.144101027207224
ORD152311,REST0978,CUST08023,COUR3873,-37.8178766,145.0085414,2020-11-01,02:26:22,0,1,Bike,"[('beef chilli', 2), ('chicken tikka', 1)]",40,41.02,4787.0,24,9.02,6.2956
ORD122531,REST0978,CUST00528,COUR1328,-37.8159816,144.9630225,2020-10-10,06:43:30,0,1,Bike,"[('kulfi', 3), ('sweet corn soup', 3)]",20,80.35,2255.0,11,9.02,4.704079639877767
ORD332157,REST1420,CUST08985,COUR3927,-37.8115241,144.9592206,2020-02-02,12:11:52,1,1,Bike,"[('masala dosa', 1), ('chicken curry', 2), ('fish fry', 2)]",40,40.0,1608.0,8,9.26,5.840868381989558
ORD246496,REST2023,CUST10290,COUR4681,-37.8167346,144.9881896,2020-07-25,12:00:00,1,1,Motorbike,"[('vegetable stew', 2), ('roast chicken', 3), ('duck roast', 1)]",0,94.27,4143.0,8,8.39,6.4424
ORD167778,REST1829,CUST10855,COUR4259,-37.7992142,144.9876935,2020-02-18,00:47:28,0,0,Car,"[('chowmein', 1), ('manchurian', 1)]",0,25.5,6329.0,15,8.05,4.4129
ORD239600,REST0774,CUST08884,COUR2446,-37.8143539,145.0061393,2020-01-04,16:25:03,0,1,Bike,"[('cocktails', 3), ('red wine sangria', 1)]",40,46.27,4321.0,22,9.51,5.723926952747252
ORD269071,REST2023,CUST05889,COUR0035,-37.8001227,144.9549143,2020-08-02,17:08:34,0,1,Motorbike,"[('roast chicken', 1), ('appam', 2), ('duck roast', 2)]",20,60.63,2554.0,5,8.39,4.2083
ORD134708,REST1829,CUST11000,COUR1424,-37.8056436,144.9571435,2020-03-16,02:30:19,0,0,Bike,"[('manchurian', 2), ('egg fried rice', 3)]",0,87.9,3199.0,16,8.05,4.528
ORD175962,REST1420,CUST05665,COUR0077,-37.8122697,144.9371864,2020-08-24,07:42:51,0,0,Motorbike,"[('masala dosa', 1), ('chicken biryani', 2), ('beef fry', 3)]",0,109.98,2349.0,5,9.26,3.2819
ORD198231,REST2023,CUST00486,COUR3461,-37.823757,144.9475243,2020-08-02,09:29:40,0,1,Motorbike,"[('vegetable stew', 3), ('duck roast', 2), ('roast chicken', 2)]",0,84.09,783.0,2,8.39,3.7963
ORD277520,REST2023,CUST13288,COUR4236,-37.8221817,144.9785721,2020-11-30,02:22:25,0,0,Car,"[('roast chicken', 3), ('vegetable stew', 1)]",0,80.08,3489.0,8,8.39,3.546673761431249
ORD103321,REST1829,CUST04142,COUR1308,-37.8188549,144.9818575,2020-11-25,05:00:39,0,0,Car,"[('sweet corn soup', 1), ('momos', 3)]",45,32.79,4410.0,11,8.05,3.764
ORD107577,REST1420,CUST08414,COUR2439,-37.8027313,144.9637292,2020-04-13,23:40:13,0,0,Motorbike,"[('roast beef', 1), ('beef fry', 1), ('beef curry', 3)]",45,33.46,1604.0,3,9.26,2.888584161131776
ORD343797,REST2023,CUST06079,COUR4200,-37.8075388,144.9420387,2020-05-08,09:29:40,0,0,Bike,"[('vegetable stew', 1), ('duck roast', 3)]",20,22.9,1554.0,8,8.39,3.8623
ORD126811,REST2023,CUST03675,COUR2055,-37.8060722,144.9742914,2020-09-20,19:27:01,1,1,Car,"[('vegetable stew', 1), ('duck roast', 1), ('appam', 1)]",40,19.61,3194.0,8,8.39,5.8698
ORD220482,REST0774,CUST10279,COUR0632,-37.8031624,144.9829398,2020-06-23,22:29:00,0,0,Car,"[('cocktails', 3), ('new zealand lamb chops', 1)]",0,72.96,3090.0,7,9.51,3.2466529635973407
ORD166008,REST0774,CUST09148,COUR2434,-37.8147548,144.9615148,2020-05-27,20:58:01,0,0,Motorbike,"[('shotgun chicken', 1), ('pasta', 3), ('sunday brunch', 2)]",10,87.2,895.0,2,9.51,2.5565
ORD311613,REST0978,CUST09553,COUR2682,-37.825692,144.997938,2020-12-26,04:25:03,0,1,Bike,"[('butter naan', 1), ('sweet corn soup', 1)]",0,34.56,4345.0,22,9.02,5.811154658993835
ORD282808,REST1829,CUST13031,COUR1209,-37.8123715,144.9537051,2020-04-02,00:19:46,0,0,Motorbike,"[('manchurian', 2), ('sweet corn soup', 1), ('chowmein', 3), ('egg fried rice', 1)]",10,90.77,2644.0,5,8.05,3.4031
ORD254701,REST1420,CUST11111,COUR3234,-37.8100542,144.9476531,2020-02-05,03:37:34,0,0,Motorbike,"[('chicken curry', 3), ('fish fry', 3), ('roast beef', 3)]",0,111.15,1062.0,2,9.26,2.4255
ORD301338,REST0774,CUST02817,COUR1397,-37.815718,145.0028708,2020-03-06,11:28:21,0,0,Car,"[('pasta', 3), ('cocktails', 2), ('shotgun chicken', 2)]",0,118.13,3868.0,9,9.51,3.4178
ORD315580,REST0774,CUST09004,COUR0820,-37.7989674,144.9879386,2020-12-22,00:03:57,0,0,Bike,"[('shotgun chicken', 3), ('red wine sangria', 2)]",0,82.72,3844.0,19,9.51,4.2223
ORD129235,REST1420,CUST13938,COUR3896,-37.8090657,144.9634506,2020-01-27,02:54:03,0,0,Motorbike,"[('beef fry', 1), ('masala dosa', 3), ('beef curry', 2)]",0,97.68,1703.0,3,9.26,2.7313
ORD343823,REST2023,CUST00481,COUR0128,-37.8185297,144.9484484,2020-01-17,14:18:27,0,0,Motorbike,"[('vegetable stew', 2), ('duck roast', 1), ('roast chicken', 3), ('appam', 1)]",45,62.02,371.0,1,8.39,2.842171476539206
ORD222009,REST0978,CUST10416,COUR3129,-37.8080073,144.9692587,2020-04-09,15:09:53,0,0,Bike,"[('beef chilli', 3), ('kulfi', 1), ('mudpie', 3), ('steak', 1)]",40,89.21,1539.0,8,9.02,3.6359
ORD333749,REST1420,CUST02576,COUR2784,-37.8025225,144.9606935,2020-12-02,17:00:39,0,0,Bike,"[('beef curry', 3), ('fish fry', 2), ('beef fry', 3), ('roast beef', 3)]",45,92.56,1320.0,7,9.26,3.071
ORD161556,REST1829,CUST09772,COUR3541,-37.7999398,144.9631958,2020-05-31,12:15:49,1,1,Motorbike,"[('sweet corn soup', 2), ('chowmein', 3)]",0,71.16,4209.0,8,8.05,5.8785
ORD289529,REST0774,CUST09506,COUR3620,-37.8034338,144.9834853,2020-10-03,02:02:38,0,1,Car,"[('beer', 1), ('shotgun chicken', 2)]",40,22.28,3063.0,7,9.51,4.2142791994071604
ORD228399,REST1420,CUST10313,COUR4339,-37.8089313,144.9658354,2020-01-23,02:54:03,0,0,Car,"[('fish fry', 2), ('beef fry', 2), ('beef curry', 2)]",20,77.89,1921.0,5,9.26,3.0898705282437886
ORD300288,REST0978,CUST03174,COUR2348,-37.8019358,144.9814442,2020-10-26,17:32:18,0,0,Motorbike,"[('mutton biryani', 2), ('beef chilli', 1), ('kulfi', 2), ('chicken tikka', 1)]",40,64.75,1111.0,2,9.02,2.8086
ORD297771,REST1420,CUST01850,COUR4964,-37.8218698,145.0103197,2020-04-24,20:50:06,0,0,Car,"[('masala dosa', 3), ('beef fry', 3)]",0,124.56,6541.0,16,9.26,4.2934
ORD131631,REST0774,CUST05522,COUR2568,-37.8022631,144.9806327,2020-02-17,00:03:57,0,0,Bike,"[('cocktails', 2), ('sunday brunch', 3)]",10,78.97,3057.0,15,9.51,4.1524
ORD073456,REST1420,CUST13801,COUR2906,-37.8104709,144.9689016,2020-10-20,22:05:16,0,0,Motorbike,"[('fish fry', 2), ('roast beef', 3), ('chicken curry', 3), ('chicken biryani', 2)]",0,117.49,2320.0,5,9.26,3.1659
ORD112054,REST0774,CUST03243,COUR3307,-37.8013076,144.9893369,2020-10-07,15:57:21,0,0,Bike,"[('beer', 1), ('pasta', 3)]",0,56.42,3682.0,18,9.51,4.3537279827134086
ORD139573,REST1829,CUST04137,COUR0991,-37.8185148,144.9829183,2020-08-01,13:38:54,1,1,Car,"[('momos', 2), ('noodles', 1), ('egg fried rice', 1)]",0,57.01,4522.0,11,8.05,6.3524
ORD100012,REST1420,CUST10187,COUR1157,-37.8201101,144.968957,2020-02-22,01:15:09,0,1,Car,"[('chicken curry', 3), ('beef curry', 3), ('fish fry', 1)]",20,47.52,3045.0,7,9.26,4.0156
ORD196146,REST0774,CUST06143,COUR4725,-37.806173,144.9539356,2020-10-05,17:00:39,0,0,Bike,"[('shotgun chicken', 3), ('cocktails', 1), ('new zealand lamb chops', 3), ('sunday brunch', 3)]",40,94.45,1981.0,10,9.51,3.5485825142653593
ORD102397,REST0978,CUST04926,COUR4575,-37.8142023,144.9729142,2020-11-09,12:51:25,1,0,Motorbike,"[('kulfi', 1), ('mutton biryani', 2)]",0,43.38,1786.0,4,9.02,4.462
ORD116631,REST0978,CUST05024,COUR0705,-37.8095413,144.9725823,2020-08-14,08:46:09,0,0,Car,"[('mudpie', 2), ('steak', 1)]",0,42.83,1254.0,3,9.02,2.9313079356198983
ORD276182,REST2023,CUST01255,COUR3464,-37.7992834,144.9818062,2020-07-05,09:49:27,0,1,Bike,"[('roast chicken', 2), ('vegetable stew', 2)]",0,62.68,4355.0,22,8.39,6.1391
ORD305355,REST1420,CUST11208,COUR4347,-37.802478,144.9448704,2020-11-30,21:53:24,0,0,Car,"[('chicken curry', 1), ('roast beef', 2), ('chicken biryani', 2), ('masala dosa', 1)]",20,61.22,579.0,1,9.26,2.6744
ORD228304,REST1420,CUST04861,COUR2297,-37.8037739,144.9188476,2020-12-14,21:13:50,0,0,Motorbike,"[('beef fry', 2), ('masala dosa', 1), ('fish fry', 3), ('roast beef', 2)]",20,116.3,3156.0,6,9.26,3.34
ORD027612,REST0774,CUST08467,COUR2961,-37.7988986,144.9943182,2020-09-28,16:25:03,0,0,Car,"[('beer', 1), ('sunday brunch', 1)]",45,12.89,4334.0,10,9.51,3.5485825142653593
ORD002785,REST0774,CUST01684,COUR2179,-37.8216741,145.0007409,2020-04-21,17:52:05,0,0,Car,"[('cocktails', 3), ('sunday brunch', 1), ('beer', 2), ('pasta', 2)]",10,109.51,3406.0,8,9.51,3.4175
ORD216439,REST2023,CUST02473,COUR1170,-37.8058946,144.9413997,2020-09-11,17:36:15,0,0,Car,"[('roast chicken', 2), ('appam', 1), ('duck roast', 2)]",45,44.92,1632.0,4,8.39,3.2296
ORD323563,REST0978,CUST08118,COUR4939,-37.817826,144.9923277,2020-12-08,07:23:04,0,0,Car,"[('kulfi', 1), ('chicken tikka', 2)]",40,36.86,3401.0,8,9.02,3.434523853399929
ORD234856,REST1420,CUST10884,COUR1877,-37.8188308,144.968291,2020-06-01,18:51:25,1,0,Car,"[('masala dosa', 2), ('chicken curry', 1), ('fish fry', 1)]",40,37.65,2933.0,7,9.26,4.9329
ORD317000,REST0774,CUST09760,COUR1017,-37.8179644,144.9460629,2020-09-06,03:45:29,0,1,Motorbike,"[('pasta', 2), ('red wine sangria', 1), ('shotgun chicken', 1)]",40,40.03,1950.0,4,9.51,3.9123496487391423
ORD044746,REST0774,CUST03346,COUR2529,-37.8112275,144.9539821,2020-11-13,14:34:17,0,0,Car,"[('new zealand lamb chops', 3), ('beer', 1), ('red wine sangria', 2), ('sunday brunch', 3)]",0,137.85,1534.0,4,9.51,2.9225
ORD270418,REST2023,CUST12707,COUR3714,-37.8035987,144.9497622,2020-10-14,06:51:25,0,0,Car,"[('vegetable stew', 1), ('roast chicken', 3), ('duck roast', 3)]",0,101.74,2042.0,5,8.39,3.3919
ORD090130,REST1420,CUST08813,COUR3097,-37.82962,144.98793,2020-12-07,22:36:55,0,0,Motorbike,"[('fish fry', 1), ('chicken curry', 1)]",0,23.53,5246.0,10,9.26,3.593086446023819
ORD148202,REST1420,CUST04026,COUR2109,-37.8193867,144.9830511,2020-12-26,08:06:35,0,1,Motorbike,"[('chicken biryani', 3), ('beef fry', 3), ('masala dosa', 3)]",0,161.52,4204.0,8,9.26,4.4256
ORD233158,REST1420,CUST13191,COUR1988,-37.8193872,144.9768168,2020-05-29,13:50:46,1,0,Car,"[('masala dosa', 1), ('fish fry', 1), ('chicken curry', 1)]",0,43.14,3620.0,9,9.26,4.8977
ORD268606,REST0774,CUST09132,COUR3089,-37.8172745,144.9533612,2020-01-04,06:07:54,0,1,Bike,"[('pasta', 3), ('cocktails', 1)]",20,54.97,1244.0,6,9.51,4.113636015851155
ORD309354,REST2023,CUST03275,COUR4383,-37.7990065,144.9502475,2020-12-20,09:37:34,0,1,Bike,"[('appam', 1), ('vegetable stew', 2), ('roast chicken', 2)]",45,44.64,2506.0,13,8.39,5.017515915021098
ORD342771,REST1420,CUST07497,COUR0404,-37.8149007,144.9450232,2020-08-09,03:49:27,0,1,Motorbike,"[('beef fry', 3), ('beef curry', 3), ('masala dosa', 2)]",0,130.36,1794.0,4,9.26,3.8874
ORD118942,REST2023,CUST11909,COUR3913,-37.8015976,144.9779365,2020-10-29,12:15:49,1,0,Bike,"[('vegetable stew', 3), ('duck roast', 1)]",45,15.47,3772.0,19,8.39,6.1513
ORD178689,REST0774,CUST06456,COUR0407,-37.8167966,144.9699858,2020-03-22,00:51:25,0,1,Bike,"[('cocktails', 1), ('new zealand lamb chops', 3), ('shotgun chicken', 2)]",10,84.17,742.0,4,9.51,3.9123496487391423
ORD267530,REST2023,CUST05988,COUR0112,-37.8199494,144.9734397,2020-04-12,10:25:03,0,1,Bike,"[('appam', 2), ('duck roast', 3)]",0,58.64,3077.0,15,8.39,5.095
ORD080582,REST0774,CUST13821,COUR4014,-37.8206706,144.9559202,2020-01-30,13:15:09,1,0,Motorbike,"[('new zealand lamb chops', 2), ('shotgun chicken', 2)]",20,47.52,750.0,2,9.51,4.3711
ORD045907,REST0978,CUST07679,COUR2199,-37.8081488,144.975634,2020-02-12,07:11:12,0,0,Motorbike,"[('butter naan', 2), ('kulfi', 3), ('beef chilli', 1), ('sweet corn soup', 3)]",0,166.42,1249.0,2,9.02,3.0262
ORD105638,REST1829,CUST11406,COUR1014,-37.8174102,145.0091951,2020-03-26,01:46:48,0,0,Motorbike,"[('manchurian', 2), ('egg fried rice', 1)]",20,37.97,7067.0,14,8.05,4.2688
ORD042035,REST1829,CUST03022,COUR4795,-37.8092779,144.9738332,2020-06-04,14:54:03,0,0,Car,"[('chowmein', 2), ('egg fried rice', 1), ('noodles', 3), ('momos', 1)]",20,67.68,4258.0,10,8.05,3.8084854757347673
ORD213446,REST0978,CUST03237,COUR3091,-37.8021598,144.9906112,2020-06-04,20:06:35,0,0,Motorbike,"[('kulfi', 3), ('mutton biryani', 3)]",0,95.07,2013.0,4,9.02,2.8424
ORD138806,REST1829,CUST08773,COUR2732,-37.810955,144.9785383,2020-08-08,12:51:25,1,1,Bike,"[('chowmein', 1), ('sweet corn soup', 1), ('noodles', 2)]",10,42.68,4571.0,23,8.05,7.689
ORD156431,REST0774,CUST08243,COUR1404,-37.8202395,144.9576732,2020-02-02,22:01:19,0,1,Motorbike,"[('shotgun chicken', 1), ('new zealand lamb chops', 3)]",0,59.1,580.0,1,9.51,3.6104200980711236
ORD010022,REST2023,CUST03302,COUR3399,-37.8000202,144.9485889,2020-08-06,07:30:59,0,0,Motorbike,"[('duck roast', 1), ('appam', 1), ('roast chicken', 3)]",0,98.82,2329.0,5,8.39,3.536
ORD063990,REST1420,CUST10405,COUR2231,-37.8103989,144.9726914,2020-06-06,01:15:09,0,1,Bike,"[('beef curry', 3), ('chicken curry', 3), ('roast beef', 3)]",0,81.66,2545.0,13,9.26,5.0839
ORD114611,REST1829,CUST10217,COUR1879,-37.8044113,144.9935662,2020-11-13,05:24:23,0,0,Car,"[('momos', 2), ('chowmein', 3), ('noodles', 1), ('sweet corn soup', 3)]",0,125.71,6399.0,15,8.05,4.1958
ORD222937,REST2023,CUST13945,COUR0196,-37.8141123,144.9520479,2020-02-13,05:20:26,0,0,Motorbike,"[('vegetable stew', 2), ('roast chicken', 1), ('duck roast', 2), ('appam', 1)]",45,39.18,937.0,2,8.39,2.8909
ORD280681,REST2023,CUST01505,COUR4449,-37.813669,144.9469793,2020-02-02,10:29:00,0,1,Bike,"[('roast chicken', 1), ('duck roast', 2), ('vegetable stew', 1), ('appam', 1)]",0,64.27,550.0,3,8.39,4.2226
ORD342551,REST2023,CUST03664,COUR1426,-37.8035393,144.9659768,2020-04-06,21:25:42,0,0,Bike,"[('duck roast', 1), ('vegetable stew', 1)]",0,14.19,2805.0,14,8.39,4.1905
ORD005182,REST2023,CUST09537,COUR0035,-37.8185906,144.9557414,2020-05-09,00:15:49,0,1,Motorbike,"[('duck roast', 2), ('roast chicken', 2)]",10,56.86,1120.0,2,8.39,3.9104408959050314
ORD338518,REST2023,CUST09085,COUR2520,-37.808298,144.9761829,2020-03-12,20:06:35,0,0,Bike,"[('appam', 2), ('roast chicken', 1), ('duck roast', 1), ('vegetable stew', 3)]",45,49.21,3134.0,16,8.39,4.4006
ORD016594,REST0978,CUST09941,COUR3657,-37.8177068,144.9519176,2020-04-01,18:39:33,1,0,Car,"[('sweet corn soup', 2), ('chicken tikka', 2), ('mudpie', 1)]",0,82.8,3093.0,7,9.02,4.9115
ORD083687,REST0978,CUST09776,COUR3046,-37.8032826,144.9929998,2020-06-23,04:21:05,0,0,Motorbike,"[('kulfi', 2), ('beef chilli', 1), ('butter naan', 3)]",20,101.65,2332.0,5,9.02,3.1026
ORD003753,REST0774,CUST13435,COUR2552,-37.8105006,144.9833791,2020-09-05,23:36:15,0,1,Bike,"[('shotgun chicken', 2), ('red wine sangria', 2), ('cocktails', 1)]",40,52.28,2253.0,11,9.51,4.5927
ORD277773,REST1420,CUST13914,COUR1275,-37.8165078,144.9668724,2020-05-08,00:00:00,0,0,Bike,"[('chicken biryani', 1), ('beef curry', 3), ('roast beef', 3), ('chicken curry', 3)]",0,93.98,2601.0,13,9.26,4.0607
ORD038731,REST1420,CUST09506,COUR2878,-37.8034338,144.9834853,2020-10-06,14:18:27,0,0,Bike,"[('beef curry', 2), ('beef fry', 3), ('chicken curry', 2), ('roast beef', 1)]",40,63.99,3452.0,17,9.26,4.3806
ORD041600,REST0978,CUST11044,COUR4248,-37.8085478,144.9533085,2020-05-23,10:21:05,0,1,Motorbike,"[('steak', 2), ('kulfi', 2), ('mudpie', 1)]",0,82.46,2350.0,5,9.02,4.1002205385417305
ORD165234,REST2023,CUST05611,COUR4044,-37.8146711,144.9376032,2020-01-07,09:13:50,0,0,Bike,"[('vegetable stew', 1), ('duck roast', 2)]",40,12.85,1147.0,6,8.39,3.6534
ORD083479,REST0978,CUST02665,COUR4179,-37.8074932,144.9680408,2020-03-10,06:19:46,0,0,Car,"[('mudpie', 3), ('kulfi', 1), ('sweet corn soup', 3), ('beef chilli', 2)]",40,90.77,929.0,2,9.02,2.830664752063892
ORD028786,REST1829,CUST13353,COUR4118,-37.8165343,145.0089471,2020-03-02,00:07:54,0,0,Car,"[('manchurian', 1), ('noodles', 2), ('egg fried rice', 2)]",0,71.84,7055.0,17,8.05,4.51298776062681
ORD224296,REST0978,CUST04380,COUR1238,-37.8182224,144.9775283,2020-01-25,09:09:53,0,1,Bike,"[('mutton biryani', 2), ('kulfi', 3), ('steak', 1), ('chicken tikka', 1)]",0,118.13,3339.0,17,9.02,5.307938741213804
ORD042732,REST1420,CUST12670,COUR1090,-37.804139,144.9498345,2020-10-11,17:28:21,0,1,Motorbike,"[('fish fry', 1), ('beef fry', 2), ('chicken biryani', 3)]",20,79.26,41.0,0,9.26,3.5575
ORD142169,REST1420,CUST09004,COUR3648,-37.7989674,144.9879386,2020-08-11,21:09:53,0,0,Motorbike,"[('beef curry', 3), ('fish fry', 1)]",0,43.71,4194.0,8,9.26,3.4403
ORD225616,REST2023,CUST10724,COUR1706,-37.814102,144.984733,2020-09-16,20:10:32,0,0,Car,"[('roast chicken', 1), ('duck roast', 1)]",0,31.59,3936.0,9,8.39,3.4788
ORD010698,REST2023,CUST12392,COUR0610,-37.809031,144.9475493,2020-02-13,08:18:27,0,0,Bike,"[('appam', 3), ('vegetable stew', 1)]",0,62.44,1437.0,7,8.39,3.4460305778752427
ORD274734,REST1420,CUST12925,COUR1541,-37.8051813,144.9614811,2020-04-12,12:15:49,1,1,Car,"[('masala dosa', 2), ('beef fry', 3), ('chicken biryani', 3), ('fish fry', 1)]",0,160.21,4406.0,11,9.26,6.3459
ORD089859,REST0978,CUST08434,COUR3832,-37.8042311,144.9631878,2020-09-26,15:25:42,0,1,Bike,"[('chicken tikka', 2), ('beef chilli', 2)]",0,89.08,1059.0,5,9.02,4.1002205385417305
ORD267653,REST2023,CUST10730,COUR0985,-37.8115793,144.9835885,2020-07-26,08:18:27,0,1,Bike,"[('duck roast', 1), ('appam', 3), ('vegetable stew', 2)]",0,76.63,3833.0,19,8.39,5.2848
ORD146952,REST1420,CUST06987,COUR2207,-37.805667,144.9537539,2020-07-24,14:18:27,0,0,Bike,"[('roast beef', 2), ('chicken curry', 2), ('fish fry', 1), ('beef fry', 1)]",0,77.71,640.0,3,9.26,3.1045
ORD040050,REST1420,CUST10578,COUR4706,-37.8062681,144.932653,2020-05-21,07:42:51,0,0,Bike,"[('chicken biryani', 2), ('fish fry', 1)]",40,25.76,2001.0,10,9.26,3.3218
ORD267897,REST1420,CUST08894,COUR4964,-37.8004549,144.9452385,2020-05-29,05:40:13,0,0,Car,"[('beef fry', 2), ('chicken curry', 3), ('chicken biryani', 1)]",0,71.83,787.0,2,9.26,2.6599
ORD210325,REST0774,CUST13981,COUR2510,-37.811317,144.957505,2020-12-20,12:47:28,1,1,Car,"[('new zealand lamb chops', 1), ('sunday brunch', 3), ('pasta', 1), ('cocktails', 1)]",0,99.45,1401.0,3,9.51,5.3075
ORD181454,REST0774,CUST07701,COUR4774,-37.8136489,145.0120316,2020-11-23,12:27:41,1,0,Motorbike,"[('sunday brunch', 2), ('new zealand lamb chops', 3), ('red wine sangria', 1)]",40,57.34,5038.0,10,9.51,5.2789
ORD226580,REST2023,CUST10968,COUR3503,-37.8071253,144.9486282,2020-11-21,19:11:12,1,1,Motorbike,"[('appam', 2), ('vegetable stew', 1)]",0,43.95,1556.0,3,8.39,5.3434
ORD090005,REST1420,CUST09500,COUR4406,-37.802009,144.98377,2020-06-15,06:27:41,0,0,Car,"[('beef curry', 3), ('roast beef', 3), ('fish fry', 3)]",0,120.87,3546.0,9,9.26,3.4244
ORD068008,REST0774,CUST13808,COUR1992,-37.8116531,144.9648411,2020-11-10,22:05:16,0,0,Motorbike,"[('sunday brunch', 3), ('new zealand lamb chops', 3), ('shotgun chicken', 2), ('red wine sangria', 2)]",20,128.58,1185.0,2,9.51,2.8433
ORD301562,REST0774,CUST03039,COUR0191,-37.8015587,144.9643303,2020-06-21,13:19:07,1,1,Motorbike,"[('sunday brunch', 3), ('beer', 2), ('shotgun chicken', 3), ('new zealand lamb chops', 2)]",0,137.56,2397.0,5,9.51,5.5411
ORD181576,REST0774,CUST01605,COUR1948,-37.8194276,144.9907283,2020-04-30,05:24:23,0,0,Motorbike,"[('pasta', 3), ('cocktails', 2), ('shotgun chicken', 1)]",20,82.5,2571.0,5,9.51,2.8629
ORD034961,REST0774,CUST03288,COUR3326,-37.8070029,144.9469489,2020-01-08,18:07:54,1,0,Car,"[('cocktails', 3), ('red wine sangria', 3)]",45,63.16,2472.0,6,9.51,4.3134
ORD149840,REST0978,CUST10571,COUR0046,-37.8065946,144.9322622,2020-02-27,09:13:50,0,0,Car,"[('sweet corn soup', 1), ('beef chilli', 1), ('butter naan', 1)]",0,58.38,4144.0,10,9.02,3.8345
ORD200182,REST2023,CUST06074,COUR1877,-37.8074005,144.9424252,2020-01-26,15:09:53,0,1,Car,"[('vegetable stew', 1), ('appam', 3), ('roast chicken', 1)]",0,86.81,1501.0,4,8.39,3.9308
ORD125215,REST2023,CUST11990,COUR0589,-37.8172529,144.9907953,2020-07-09,06:03:57,0,0,Motorbike,"[('appam', 2), ('duck roast', 2)]",40,30.85,4472.0,9,8.39,3.7733
ORD209030,REST1420,CUST08992,COUR4418,-37.8120156,144.9592775,2020-02-04,17:04:36,0,0,Car,"[('chicken curry', 1), ('masala dosa', 2), ('beef curry', 2)]",45,33.76,1649.0,4,9.26,3.1487
ORD246819,REST0978,CUST04079,COUR4097,-37.8210743,144.9830055,2020-10-20,23:48:07,0,0,Motorbike,"[('kulfi', 2), ('sweet corn soup', 3), ('steak', 1)]",45,51.96,3159.0,6,9.02,3.2332374862879165
ORD124386,REST1420,CUST04752,COUR0644,-37.8050491,144.925635,2020-08-23,21:57:21,0,1,Car,"[('chicken biryani', 3), ('masala dosa', 2), ('beef fry', 2), ('fish fry', 2)]",10,140.94,2582.0,6,9.26,4.158139947609614
ORD031069,REST1420,CUST07132,COUR4235,-37.8025337,144.9445452,2020-07-28,22:40:52,0,0,Bike,"[('chicken biryani', 2), ('masala dosa', 1), ('beef fry', 3)]",20,87.98,608.0,3,9.26,2.8772
ORD061210,REST2023,CUST03556,COUR4521,-37.8124411,145.0033831,2020-03-01,12:51:25,1,1,Car,"[('appam', 1), ('duck roast', 2), ('roast chicken', 1), ('vegetable stew', 3)]",0,78.21,5671.0,14,8.39,6.599601165845037
ORD323568,REST0774,CUST01954,COUR0649,-37.8121328,144.978011,2020-05-18,06:23:44,0,0,Motorbike,"[('red wine sangria', 1), ('beer', 1), ('new zealand lamb chops', 2), ('cocktails', 2)]",20,75.38,1752.0,4,9.51,3.1405
ORD072625,REST0978,CUST00471,COUR4441,-37.8172224,144.9490057,2020-04-19,19:15:09,1,1,Car,"[('steak', 3), ('mudpie', 1), ('sweet corn soup', 2)]",40,50.07,3368.0,8,9.02,5.636
ORD219874,REST1420,CUST13082,COUR3658,-37.8232929,144.9686085,2020-08-04,17:40:13,0,0,Motorbike,"[('masala dosa', 1), ('roast beef', 2)]",45,25.66,3372.0,7,9.26,2.9314
ORD302979,REST1420,CUST00337,COUR1922,-37.8211305,144.9833823,2020-04-16,02:06:35,0,0,Motorbike,"[('masala dosa', 3), ('chicken curry', 1)]",40,38.44,4369.0,9,9.26,3.5243
ORD257978,REST1829,CUST11397,COUR3238,-37.807228,144.9966617,2020-08-13,06:00:00,0,0,Car,"[('momos', 2), ('egg fried rice', 3), ('sweet corn soup', 1)]",0,106.32,6365.0,15,8.05,4.2096
ORD340725,REST0774,CUST07683,COUR0227,-37.8163957,144.9373273,2020-05-27,19:38:54,1,0,Bike,"[('sunday brunch', 2), ('new zealand lamb chops', 2), ('pasta', 3)]",0,111.29,3087.0,15,9.51,5.7616
ORD004322,REST0774,CUST03223,COUR3661,-37.812962,144.9314945,2020-11-07,04:36:55,0,1,Bike,"[('sunday brunch', 1), ('pasta', 1)]",0,32.73,4306.0,22,9.51,5.6749
ORD052246,REST1829,CUST09335,COUR2420,-37.82001,144.9613692,2020-07-08,09:33:37,0,0,Motorbike,"[('egg fried rice', 3), ('chowmein', 3)]",0,96.3,3154.0,6,8.05,3.6368
ORD179792,REST1420,CUST01770,COUR0609,-37.823433,144.9688509,2020-10-09,11:40:13,0,0,Bike,"[('roast beef', 1), ('beef fry', 2)]",40,34.4,3395.0,17,9.26,4.3496
ORD226637,REST0978,CUST12286,COUR0482,-37.8083198,144.9555354,2020-12-10,10:01:19,0,0,Motorbike,"[('butter naan', 3), ('kulfi', 2), ('beef chilli', 1)]",10,114.35,2061.0,4,9.02,3.2352
ORD027528,REST0774,CUST10542,COUR4438,-37.8041043,144.9478734,2020-01-30,13:19:07,1,0,Motorbike,"[('beer', 3), ('red wine sangria', 1)]",20,32.2,2533.0,5,9.51,4.526808663753259
ORD089320,REST1829,CUST01853,COUR0371,-37.8238164,145.0094445,2020-05-09,05:48:07,0,1,Bike,"[('chowmein', 1), ('manchurian', 2), ('noodles', 3)]",10,59.21,7083.0,35,8.05,7.2808
ORD337388,REST1829,CUST08015,COUR0013,-37.8179387,145.00853,2020-09-26,18:11:52,1,1,Car,"[('chowmein', 2), ('manchurian', 3), ('noodles', 1)]",0,73.51,6948.0,17,8.05,7.0343
ORD227064,REST0978,CUST09377,COUR3258,-37.8142917,144.9631103,2020-11-20,08:02:38,0,0,Car,"[('butter naan', 1), ('sweet corn soup', 2), ('chicken tikka', 2), ('steak', 2)]",0,117.54,2050.0,5,9.02,3.162
ORD252796,REST0978,CUST01024,COUR0996,-37.8040739,144.9175502,2020-03-20,12:31:38,1,0,Car,"[('mutton biryani', 1), ('steak', 1)]",45,14.15,5406.0,13,9.02,5.5049
ORD309929,REST0978,CUST07859,COUR3174,-37.8167337,144.9844178,2020-05-26,00:07:54,0,0,Motorbike,"[('mudpie', 2), ('kulfi', 1), ('steak', 1)]",40,37.7,2733.0,5,9.02,3.1075
ORD185070,REST1829,CUST12299,COUR4262,-37.8116724,144.9564097,2020-05-09,11:40:13,0,1,Motorbike,"[('chowmein', 1), ('noodles', 2)]",0,29.66,2695.0,5,8.05,4.272895793764556
ORD176268,REST1829,CUST03486,COUR0720,-37.8139564,144.9379502,2020-11-28,20:34:17,0,1,Car,"[('sweet corn soup', 1), ('manchurian', 2)]",20,36.0,3064.0,7,8.05,4.0966
ORD149066,REST1420,CUST12246,COUR0655,-37.8073281,144.9494117,2020-07-29,03:41:32,0,0,Motorbike,"[('beef curry', 3), ('roast beef', 1), ('masala dosa', 1), ('chicken curry', 1)]",40,38.26,734.0,1,9.26,2.3383
ORD157346,REST2023,CUST09570,COUR2045,-37.8116542,144.9566998,2020-07-21,14:14:30,0,0,Car,"[('appam', 3), ('roast chicken', 3), ('vegetable stew', 2), ('duck roast', 1)]",0,149.74,1311.0,3,8.39,3.4306
ORD347890,REST0978,CUST03138,COUR2345,-37.811932,144.985834,2020-03-07,00:43:30,0,1,Car,"[('mutton biryani', 1), ('butter naan', 2), ('beef chilli', 1)]",40,46.6,2402.0,6,9.02,3.8991
ORD342455,REST0978,CUST13684,COUR4604,-37.8189215,144.9548983,2020-05-29,21:13:50,0,0,Bike,"[('sweet corn soup', 2), ('mudpie', 3), ('beef chilli', 1)]",45,51.69,3078.0,15,9.02,4.0449
ORD059939,REST0978,CUST03743,COUR3151,-37.8113219,144.9369299,2020-04-02,03:17:48,0,0,Bike,"[('beef chilli', 3), ('mudpie', 3)]",0,114.66,3865.0,19,9.02,4.444
ORD134283,REST2023,CUST03394,COUR0082,-37.7995341,144.9999076,2020-09-01,03:05:56,0,0,Motorbike,"[('roast chicken', 3), ('appam', 1), ('vegetable stew', 3)]",20,90.01,6003.0,12,8.39,4.26
ORD267128,REST1829,CUST13555,COUR1753,-37.8013732,144.9743139,2020-01-09,09:29:40,0,0,Car,"[('sweet corn soup', 3), ('chowmein', 3), ('manchurian', 2), ('egg fried rice', 1)]",0,136.38,4872.0,12,8.05,4.00977184284678
ORD017227,REST1829,CUST00835,COUR2083,-37.8164558,144.9608432,2020-12-09,21:09:53,0,0,Car,"[('egg fried rice', 3), ('momos', 3), ('sweet corn soup', 1), ('noodles', 2)]",0,138.05,3221.0,8,8.05,3.607199108622755
ORD228829,REST0978,CUST02374,COUR1068,-37.820077,144.9427141,2020-11-12,20:50:06,0,0,Car,"[('mutton biryani', 2), ('steak', 2), ('sweet corn soup', 2), ('beef chilli', 3)]",0,149.86,3903.0,9,9.02,3.3676
ORD031574,REST0978,CUST02127,COUR4092,-37.8007369,144.9517619,2020-06-20,14:06:35,0,1,Car,"[('beef chilli', 1), ('mudpie', 3)]",0,67.02,1827.0,4,9.02,3.999577354985724
ORD290357,REST2023,CUST05260,COUR1042,-37.8174124,144.96759,2020-11-26,17:56:02,0,0,Car,"[('duck roast', 1), ('appam', 3), ('vegetable stew', 1), ('roast chicken', 1)]",0,94.03,2273.0,5,8.39,3.2447442107632303
ORD133631,REST0774,CUST04279,COUR2499,-37.8237092,144.9869112,2020-02-10,15:17:48,0,0,Motorbike,"[('cocktails', 1), ('beer', 2), ('red wine sangria', 2)]",0,71.4,2353.0,5,9.51,3.0453665964853287
ORD025968,REST1829,CUST03070,COUR2910,-37.8004833,144.9705365,2020-10-01,07:07:15,0,0,Motorbike,"[('sweet corn soup', 1), ('chowmein', 1), ('manchurian', 1), ('egg fried rice', 2)]",40,50.22,4736.0,9,8.05,3.707842292178761
ORD070951,REST0774,CUST10902,COUR0119,-37.8074952,144.9479826,2020-10-29,01:30:59,0,0,Bike,"[('shotgun chicken', 2), ('red wine sangria', 3)]",0,86.58,2382.0,12,9.51,3.8542
ORD083446,REST0774,CUST04526,COUR3937,-37.8157243,144.9500937,2020-08-27,19:42:51,1,0,Bike,"[('sunday brunch', 3), ('beer', 1), ('cocktails', 3)]",0,114.29,1783.0,9,9.51,4.9449
ORD076795,REST1829,CUST00105,COUR4137,-37.8071697,144.9469712,2020-02-29,20:14:30,0,1,Car,"[('momos', 2), ('chowmein', 3), ('egg fried rice', 2), ('sweet corn soup', 1)]",0,121.74,2151.0,5,8.05,4.3684
ORD206507,REST0978,CUST10408,COUR3220,-37.8144028,144.9744978,2020-10-03,02:26:22,0,1,Car,"[('chicken tikka', 2), ('steak', 2)]",0,69.5,1757.0,4,9.02,3.999577354985724
ORD128616,REST0774,CUST09257,COUR0854,-37.8154544,144.9665483,2020-11-23,09:53:24,0,0,Bike,"[('sunday brunch', 3), ('shotgun chicken', 1), ('cocktails', 1), ('new zealand lamb chops', 3)]",0,127.42,746.0,4,9.51,2.9447234129293225
ORD329564,REST2023,CUST01386,COUR4955,-37.8124836,144.9678732,2020-07-11,20:42:11,0,1,Bike,"[('duck roast', 3), ('roast chicken', 2)]",10,63.36,2230.0,11,8.39,4.816229547909087
ORD335224,REST0978,CUST01920,COUR0079,-37.8246042,144.9583415,2020-01-31,20:14:30,0,0,Car,"[('mutton biryani', 3), ('steak', 2), ('sweet corn soup', 2), ('mudpie', 1)]",0,104.49,3824.0,9,9.02,3.6216
ORD327998,REST1420,CUST00155,COUR2782,-37.8110063,145.005156,2020-09-23,16:52:44,0,0,Car,"[('beef fry', 3), ('masala dosa', 3), ('beef curry', 3)]",45,82.48,5198.0,12,9.26,3.9836
ORD166384,REST0774,CUST05201,COUR3956,-37.8206961,144.9568595,2020-04-03,01:50:46,0,0,Bike,"[('new zealand lamb chops', 3), ('sunday brunch', 1), ('cocktails', 3), ('beer', 3)]",0,140.05,660.0,3,9.51,3.0998
ORD206582,REST2023,CUST13512,COUR4001,-37.8245745,144.9357416,2020-04-15,17:36:15,0,0,Motorbike,"[('appam', 1), ('roast chicken', 1)]",45,23.57,2071.0,4,8.39,3.144101027207224
ORD142763,REST1420,CUST12392,COUR0381,-37.809031,144.9475493,2020-03-03,16:01:19,0,0,Motorbike,"[('roast beef', 1), ('chicken curry', 1)]",20,15.0,901.0,2,9.26,2.4737
ORD250602,REST2023,CUST13250,COUR1930,-37.8210595,144.977085,2020-12-05,14:30:19,0,1,Car,"[('duck roast', 1), ('vegetable stew', 3)]",10,25.32,3358.0,8,8.39,4.514299997241068
ORD155153,REST2023,CUST10693,COUR2281,-37.814464,144.9854415,2020-08-31,14:54:03,0,0,Bike,"[('appam', 1), ('vegetable stew', 2), ('duck roast', 3)]",0,54.09,4034.0,20,8.39,4.7543919641033225
ORD330178,REST1420,CUST13764,COUR2636,-37.8139298,144.9570017,2020-07-01,01:15:09,0,0,Bike,"[('chicken curry', 3), ('fish fry', 2), ('beef fry', 3)]",0,118.02,1623.0,8,9.26,3.5274
ORD091056,REST1420,CUST06776,COUR3486,-37.8089234,144.9448985,2020-09-02,06:51:25,0,0,Bike,"[('beef fry', 2), ('beef curry', 1)]",0,52.29,886.0,4,9.26,2.6317
ORD299708,REST2023,CUST09818,COUR0469,-37.8135048,144.9656151,2020-06-05,21:13:50,0,0,Car,"[('duck roast', 3), ('roast chicken', 2), ('appam', 3), ('vegetable stew', 3)]",40,88.07,1972.0,5,8.39,3.2447442107632303
ORD290713,REST0978,CUST02429,COUR3518,-37.8257266,144.9816732,2020-07-30,16:13:11,0,0,Bike,"[('steak', 3), ('kulfi', 2)]",0,82.09,3290.0,16,9.02,4.0776
ORD101250,REST0774,CUST05438,COUR0867,-37.8142068,144.9638208,2020-02-16,22:01:19,0,1,Motorbike,"[('sunday brunch', 3), ('red wine sangria', 2)]",45,47.64,810.0,2,9.51,3.8634
ORD321589,REST0774,CUST07852,COUR1831,-37.8166176,144.9838127,2020-10-28,14:10:32,0,0,Bike,"[('new zealand lamb chops', 1), ('red wine sangria', 2), ('shotgun chicken', 1), ('beer', 2)]",10,73.51,2023.0,10,9.51,3.3688
ORD118605,REST0774,CUST00013,COUR1906,-37.8139489,144.9603145,2020-10-15,22:25:03,0,0,Bike,"[('beer', 2), ('red wine sangria', 2), ('sunday brunch', 2), ('pasta', 1)]",20,80.81,953.0,5,9.51,3.1267
ORD216638,REST0978,CUST08207,COUR0466,-37.8192464,145.005678,2020-04-19,06:43:30,0,1,Motorbike,"[('chicken tikka', 3), ('kulfi', 2)]",10,91.94,4594.0,9,9.02,4.5527
ORD063770,REST1420,CUST10803,COUR1726,-37.8086596,144.956616,2020-08-27,17:44:10,0,0,Car,"[('beef fry', 2), ('fish fry', 2), ('masala dosa', 2), ('roast beef', 1)]",45,73.24,1165.0,3,9.26,2.9584
ORD344834,REST0774,CUST13046,COUR0634,-37.8120784,144.9534231,2020-12-26,21:05:56,0,1,Car,"[('beer', 2), ('red wine sangria', 2), ('pasta', 1)]",0,68.41,1597.0,4,9.51,3.9123496487391423
ORD269363,REST1420,CUST05369,COUR1429,-37.810906,144.9671561,2020-02-26,11:36:15,0,0,Motorbike,"[('chicken biryani', 2), ('masala dosa', 2)]",40,38.32,2151.0,4,9.26,3.1421
ORD321682,REST0774,CUST05480,COUR4976,-37.8117936,145.008416,2020-07-06,20:34:17,0,0,Bike,"[('shotgun chicken', 3), ('red wine sangria', 2)]",45,45.5,4520.0,23,9.51,4.9039
ORD066889,REST0774,CUST10500,COUR0749,-37.8076036,144.9888635,2020-07-19,20:34:17,0,1,Car,"[('red wine sangria', 2), ('cocktails', 3), ('shotgun chicken', 3), ('sunday brunch', 1)]",0,157.28,3024.0,7,9.51,4.2142791994071604
ORD205520,REST0774,CUST09068,COUR2620,-37.8143151,144.9481431,2020-03-11,19:15:09,1,0,Motorbike,"[('shotgun chicken', 2), ('beer', 3), ('red wine sangria', 1)]",40,42.15,1934.0,4,9.51,4.426165480197254
ORD312771,REST0978,CUST00082,COUR2293,-37.8223506,145.0141094,2020-04-06,14:26:22,0,0,Bike,"[('butter naan', 3), ('steak', 2), ('sweet corn soup', 3), ('kulfi', 3)]",0,191.74,5615.0,28,9.02,5.1901
ORD179054,REST0978,CUST03432,COUR0404,-37.8189582,144.9908093,2020-01-28,11:32:18,0,0,Motorbike,"[('mutton biryani', 1), ('steak', 1), ('kulfi', 1)]",45,25.15,3412.0,7,9.02,2.927
ORD300567,REST1829,CUST06530,COUR4301,-37.824146,144.9835879,2020-04-09,18:55:23,1,0,Car,"[('sweet corn soup', 3), ('noodles', 2), ('momos', 1), ('egg fried rice', 1)]",0,105.23,4947.0,12,8.05,5.5431
ORD201529,REST0774,CUST03579,COUR1353,-37.80061,144.9739192,2020-02-25,18:11:52,1,0,Motorbike,"[('pasta', 2), ('beer', 1), ('new zealand lamb chops', 2), ('cocktails', 2)]",0,108.23,2880.0,6,9.51,4.1735
ORD111783,REST1829,CUST12004,COUR4373,-37.8186097,144.9945661,2020-01-18,05:44:10,0,1,Car,"[('egg fried rice', 1), ('chowmein', 3), ('noodles', 3)]",40,49.52,5632.0,14,8.05,5.0924
ORD016891,REST2023,CUST01443,COUR0156,-37.8113862,144.969102,2020-09-07,07:46:48,0,0,Bike,"[('duck roast', 3), ('vegetable stew', 1)]",40,17.18,2451.0,12,8.39,3.8332
ORD082281,REST2023,CUST08692,COUR0386,-37.8062509,144.9598532,2020-02-03,18:31:38,1,0,Motorbike,"[('vegetable stew', 3), ('appam', 2)]",0,57.89,2121.0,4,8.39,4.625543094475155
ORD252344,REST0978,CUST13238,COUR4053,-37.8209791,144.9765768,2020-08-26,21:53:24,0,0,Car,"[('kulfi', 2), ('chicken tikka', 3), ('butter naan', 1), ('sweet corn soup', 3)]",45,90.02,2655.0,6,9.02,3.2332374862879165
ORD083225,REST1420,CUST06904,COUR4177,-37.8041927,144.9587151,2020-09-12,14:18:27,0,1,Bike,"[('chicken biryani', 3), ('fish fry', 3), ('chicken curry', 2), ('beef curry', 2)]",45,65.59,975.0,5,9.26,4.0812
ORD123755,REST0978,CUST00392,COUR2820,-37.8200711,144.9844351,2020-09-30,05:00:39,0,0,Car,"[('kulfi', 3), ('steak', 3)]",40,61.25,3114.0,7,9.02,3.333880669843923
ORD230044,REST1829,CUST01847,COUR4422,-37.823749,145.0088206,2020-03-06,21:53:24,0,0,Bike,"[('sweet corn soup', 2), ('manchurian', 1), ('momos', 1)]",0,63.09,7027.0,35,8.05,6.324565064634921
ORD010789,REST0774,CUST02480,COUR1505,-37.8116403,144.9383498,2020-06-27,02:46:09,0,1,Bike,"[('pasta', 1), ('red wine sangria', 3)]",0,73.01,2964.0,15,9.51,5.019424667855209
ORD292732,REST0774,CUST11957,COUR2580,-37.8204228,144.9909987,2020-02-27,21:45:29,0,0,Bike,"[('beer', 3), ('pasta', 1), ('sunday brunch', 1)]",0,54.12,2502.0,13,9.51,3.633
ORD294588,REST0774,CUST12931,COUR2987,-37.8197914,145.0108614,2020-09-28,01:30:59,0,0,Bike,"[('red wine sangria', 1), ('cocktails', 2)]",0,57.7,4340.0,22,9.51,4.7595
ORD346915,REST1829,CUST11967,COUR4783,-37.8195942,144.9901822,2020-09-06,12:59:20,1,1,Bike,"[('manchurian', 2), ('egg fried rice', 2), ('momos', 1)]",0,81.63,5243.0,26,8.05,7.522
ORD269162,REST1829,CUST00944,COUR0445,-37.8147543,144.9651706,2020-06-10,00:35:36,0,0,Car,"[('manchurian', 1), ('momos', 2)]",0,41.52,3508.0,8,8.05,3.6311
ORD337937,REST0978,CUST07007,COUR3462,-37.8076461,144.9546008,2020-04-05,06:19:46,0,1,Car,"[('kulfi', 1), ('beef chilli', 3), ('mudpie', 2), ('chicken tikka', 3)]",0,182.42,2192.0,5,9.02,4.1804
ORD244536,REST2023,CUST06385,COUR3900,-37.815779,144.946163,2020-05-12,10:17:08,0,0,Motorbike,"[('vegetable stew', 1), ('roast chicken', 1), ('duck roast', 3), ('appam', 1)]",0,71.49,192.0,0,8.39,2.75
ORD226029,REST1420,CUST12265,COUR3888,-37.8209334,144.961432,2020-01-02,12:31:38,1,0,Car,"[('chicken biryani', 2), ('fish fry', 2), ('beef fry', 1), ('roast beef', 1)]",0,96.67,2544.0,6,9.26,4.767
ORD337447,REST0978,CUST05185,COUR2743,-37.825403,144.9569625,2020-06-21,03:25:42,0,1,Bike,"[('mudpie', 3), ('mutton biryani', 3)]",20,62.62,3687.0,18,9.02,5.4147
ORD104089,REST2023,CUST07885,COUR4735,-37.8154411,144.9773305,2020-12-06,08:58:01,0,1,Bike,"[('appam', 2), ('roast chicken', 3), ('duck roast', 1)]",10,105.58,3184.0,16,8.39,5.0035
ORD346944,REST2023,CUST13146,COUR4476,-37.8081541,144.9761699,2020-09-29,13:07:15,1,0,Car,"[('appam', 3), ('duck roast', 2), ('vegetable stew', 2)]",0,83.85,3121.0,7,8.39,5.0954
ORD333729,REST1829,CUST09451,COUR0007,-37.7874325,144.9803767,2020-07-25,19:54:43,1,1,Bike,"[('sweet corn soup', 3), ('egg fried rice', 2)]",0,93.72,6736.0,34,8.05,8.4687
ORD267009,REST0774,CUST09834,COUR4056,-37.8060521,144.9580733,2020-03-05,21:41:32,0,0,Car,"[('shotgun chicken', 2), ('sunday brunch', 2)]",10,56.34,1874.0,4,9.51,2.9447234129293225
ORD237679,REST1829,CUST11009,COUR4864,-37.8034609,144.9623839,2020-04-22,03:53:24,0,0,Bike,"[('noodles', 2), ('manchurian', 3)]",0,58.64,3930.0,20,8.05,5.0
ORD274043,REST1420,CUST13351,COUR0629,-37.8167272,145.0089124,2020-08-26,06:43:30,0,0,Bike,"[('chicken curry', 3), ('beef curry', 1), ('fish fry', 1), ('beef fry', 3)]",45,59.5,6051.0,30,9.26,6.0898
ORD091092,REST0774,CUST03074,COUR4745,-37.7999955,144.9719925,2020-09-15,03:21:45,0,0,Bike,"[('red wine sangria', 3), ('cocktails', 3), ('shotgun chicken', 2)]",0,144.84,2926.0,15,9.51,4.2131
ORD096625,REST2023,CUST06204,COUR4515,-37.8159052,144.9339849,2020-08-04,05:12:31,0,0,Car,"[('duck roast', 2), ('roast chicken', 3), ('vegetable stew', 3)]",45,59.65,1516.0,4,8.39,2.9911
ORD130277,REST2023,CUST09617,COUR0755,-37.8236288,144.9431858,2020-12-29,02:10:32,0,0,Bike,"[('roast chicken', 2), ('vegetable stew', 2), ('duck roast', 2), ('appam', 1)]",0,95.61,1312.0,7,8.39,3.2829
ORD060064,REST0774,CUST13846,COUR2900,-37.818061,144.9648126,2020-03-23,17:20:26,0,0,Motorbike,"[('new zealand lamb chops', 3), ('pasta', 1), ('red wine sangria', 3)]",0,117.11,334.0,1,9.51,2.4253
ORD083609,REST1829,CUST13110,COUR1984,-37.8113585,145.0017717,2020-12-04,13:03:17,1,0,Motorbike,"[('momos', 1), ('manchurian', 1), ('noodles', 3)]",40,32.54,6542.0,13,8.05,5.591857093670717
ORD092092,REST0978,CUST12689,COUR3641,-37.8032378,144.9498041,2020-04-13,16:44:50,0,0,Car,"[('mudpie', 1), ('mutton biryani', 2), ('sweet corn soup', 2)]",0,64.74,2305.0,6,9.02,3.2332374862879165
ORD268423,REST1420,CUST04982,COUR1857,-37.8111175,144.9731851,2020-05-14,05:44:10,0,0,Bike,"[('masala dosa', 3), ('chicken biryani', 1), ('fish fry', 1)]",40,53.67,2663.0,13,9.26,3.9357
ORD233401,REST2023,CUST01484,COUR3890,-37.7993749,144.9602387,2020-04-02,12:11:52,1,0,Car,"[('duck roast', 3), ('appam', 1), ('vegetable stew', 2)]",0,54.09,3015.0,7,8.39,4.927472645143173
ORD112158,REST1420,CUST10232,COUR1569,-37.8017977,144.9696773,2020-06-10,00:07:54,0,0,Bike,"[('roast beef', 1), ('chicken biryani', 1), ('beef curry', 2), ('beef fry', 3)]",0,108.51,2246.0,11,9.26,3.7015
ORD098607,REST0774,CUST03166,COUR4023,-37.8074388,144.978113,2020-12-19,16:40:52,0,1,Motorbike,"[('pasta', 1), ('red wine sangria', 2)]",45,29.78,2265.0,5,9.51,4.0382
ORD241201,REST1420,CUST08239,COUR2538,-37.8203018,144.9577164,2020-04-05,22:40:52,0,1,Motorbike,"[('masala dosa', 3), ('beef curry', 1), ('chicken curry', 1)]",0,72.53,2214.0,4,9.26,3.9064
ORD172588,REST1420,CUST01019,COUR0611,-37.8029182,144.9281234,2020-05-31,20:10:32,0,1,Motorbike,"[('fish fry', 2), ('beef curry', 3)]",45,34.11,2311.0,5,9.26,4.057496764053608
ORD310301,REST2023,CUST04476,COUR3404,-37.8184603,144.9735964,2020-12-06,19:11:12,1,1,Motorbike,"[('roast chicken', 3), ('appam', 1), ('duck roast', 3)]",20,90.61,2849.0,6,8.39,5.794455697396987
ORD167255,REST0774,CUST12060,COUR0071,-37.8141649,144.9631526,2020-08-01,03:53:24,0,1,Car,"[('red wine sangria', 1), ('new zealand lamb chops', 1), ('cocktails', 2)]",0,72.4,801.0,2,9.51,3.71106328162713
ORD255791,REST0774,CUST00851,COUR4646,-37.8006194,145.0102248,2020-08-28,01:27:01,0,0,Bike,"[('red wine sangria', 3), ('shotgun chicken', 1), ('new zealand lamb chops', 2), ('cocktails', 2)]",0,139.82,5409.0,27,9.51,5.4844
ORD062473,REST1420,CUST08266,COUR0184,-37.8209384,144.956034,2020-07-24,02:58:01,0,0,Car,"[('roast beef', 1), ('chicken biryani', 1), ('beef fry', 2)]",40,41.8,2362.0,6,9.26,3.1947
ORD006361,REST0774,CUST09828,COUR2651,-37.8155331,144.9665099,2020-08-16,20:38:14,0,1,Bike,"[('cocktails', 1), ('shotgun chicken', 2), ('new zealand lamb chops', 3)]",0,93.52,733.0,4,9.51,3.7719
ORD028530,REST1420,CUST09308,COUR4315,-37.8176006,144.9590312,2020-02-01,19:30:59,1,1,Car,"[('chicken curry', 3), ('fish fry', 2), ('roast beef', 2)]",40,47.6,2046.0,5,9.26,5.6273
ORD131442,REST0774,CUST03467,COUR0444,-37.8234936,144.9948725,2020-07-18,10:29:00,0,1,Motorbike,"[('new zealand lamb chops', 1), ('beer', 3), ('red wine sangria', 3), ('cocktails', 2)]",0,131.51,3026.0,6,9.51,4.113636015851155
ORD136101,REST0774,CUST11918,COUR2737,-37.8056962,144.9772251,2020-08-06,06:03:57,0,0,Car,"[('sunday brunch', 1), ('shotgun chicken', 3)]",20,49.04,2349.0,6,9.51,3.1841
ORD113392,REST0774,CUST04438,COUR2682,-37.814141,144.9918918,2020-11-04,01:19:07,0,0,Bike,"[('pasta', 1), ('new zealand lamb chops', 3)]",0,60.53,2990.0,15,9.51,4.0937
ORD144240,REST1829,CUST04314,COUR4937,-37.8185792,144.9756236,2020-04-15,02:46:09,0,0,Car,"[('noodles', 3), ('manchurian', 2)]",10,48.52,3935.0,9,8.05,3.7769
ORD053384,REST1420,CUST03251,COUR3101,-37.8013482,144.9943654,2020-07-07,16:17:08,0,0,Car,"[('beef curry', 3), ('fish fry', 2)]",0,62.01,4685.0,11,9.26,3.6468
ORD216254,REST0774,CUST10301,COUR2503,-37.8069292,144.9749455,2020-01-02,08:22:25,0,0,Bike,"[('red wine sangria', 2), ('new zealand lamb chops', 2), ('beer', 1), ('sunday brunch', 3)]",0,123.15,2253.0,11,9.51,3.544
ORD325311,REST0774,CUST11929,COUR4728,-37.8063423,144.982857,2020-11-30,07:27:01,0,0,Car,"[('red wine sangria', 3), ('cocktails', 2), ('beer', 1)]",40,61.53,2743.0,7,9.51,3.2466529635973407
ORD085390,REST0978,CUST11050,COUR2334,-37.8080044,144.9541174,2020-11-21,14:42:11,0,1,Motorbike,"[('mutton biryani', 3), ('chicken tikka', 1)]",0,55.79,2225.0,4,9.02,3.999577354985724
ORD181403,REST2023,CUST05007,COUR3247,-37.8072363,144.9591141,2020-04-22,02:38:14,0,0,Car,"[('appam', 1), ('vegetable stew', 2), ('duck roast', 2), ('roast chicken', 1)]",0,71.24,1973.0,5,8.39,3.3409
ORD343761,REST1420,CUST06964,COUR3372,-37.8057282,144.9508162,2020-01-19,08:22:25,0,1,Bike,"[('beef curry', 3), ('chicken curry', 3), ('masala dosa', 2), ('chicken biryani', 2)]",45,57.73,425.0,2,9.26,3.8572
ORD163842,REST1420,CUST07219,COUR0238,-37.8029899,144.9494647,2020-08-22,14:30:19,0,1,Bike,"[('roast beef', 3), ('chicken curry', 1), ('masala dosa', 1)]",45,35.97,177.0,1,9.26,3.7837
ORD273297,REST1829,CUST03393,COUR0136,-37.8169838,144.977853,2020-09-21,09:41:32,0,0,Motorbike,"[('noodles', 3), ('chowmein', 1), ('sweet corn soup', 1)]",10,50.68,4130.0,8,8.05,3.607199108622755
ORD233871,REST0774,CUST13179,COUR0876,-37.8186157,144.9653369,2020-04-11,20:34:17,0,1,Motorbike,"[('new zealand lamb chops', 3), ('shotgun chicken', 1)]",0,59.1,249.0,0,9.51,3.2012
ORD229684,REST1420,CUST11257,COUR4080,-37.8051113,144.9578163,2020-10-23,06:03:57,0,0,Bike,"[('beef curry', 1), ('chicken biryani', 3), ('roast beef', 1)]",0,58.95,1165.0,6,9.26,3.2888
ORD121646,REST2023,CUST10775,COUR0387,-37.8210995,144.9578039,2020-01-29,22:48:47,0,0,Car,"[('vegetable stew', 1), ('duck roast', 1), ('appam', 1)]",0,32.68,1491.0,4,8.39,3.128
ORD179611,REST1829,CUST10413,COUR4914,-37.809039,144.9719353,2020-08-21,03:05:56,0,0,Bike,"[('noodles', 3), ('chowmein', 2), ('egg fried rice', 3)]",20,88.87,4158.0,21,8.05,4.9062
ORD035267,REST1829,CUST09938,COUR1327,-37.8174651,144.9520047,2020-11-23,03:01:58,0,0,Car,"[('egg fried rice', 3), ('chowmein', 2)]",0,84.42,2449.0,6,8.05,3.7374
ORD114797,REST1829,CUST05992,COUR4760,-37.8131489,144.971519,2020-07-24,15:37:34,0,0,Bike,"[('momos', 2), ('chowmein', 1), ('noodles', 2)]",0,57.56,3931.0,20,8.05,5.0159
ORD025616,REST2023,CUST12319,COUR3683,-37.8156977,144.9582655,2020-04-18,01:11:12,0,1,Bike,"[('duck roast', 2), ('appam', 2), ('roast chicken', 3)]",0,124.53,1279.0,6,8.39,4.2515
ORD105615,REST0774,CUST05358,COUR0455,-37.8129046,144.9658639,2020-01-28,19:19:07,1,0,Bike,"[('cocktails', 3), ('beer', 2), ('red wine sangria', 3)]",10,116.19,1270.0,6,9.51,4.8421
ORD108231,REST0774,CUST02072,COUR2383,-37.8005373,145.0089533,2020-09-16,04:48:47,0,0,Car,"[('beer', 3), ('shotgun chicken', 2), ('red wine sangria', 3)]",10,97.17,5652.0,14,9.51,3.5014
ORD226392,REST1420,CUST05759,COUR2573,-37.8207817,144.9554734,2020-03-20,11:04:36,0,0,Bike,"[('roast beef', 2), ('beef fry', 2), ('chicken curry', 1)]",40,45.65,2345.0,12,9.26,3.646
ORD077889,REST2023,CUST13904,COUR1511,-37.81084,144.9645436,2020-07-30,23:12:31,0,0,Motorbike,"[('roast chicken', 3), ('appam', 2)]",10,99.08,2122.0,4,8.39,2.9323
ORD032258,REST0774,CUST07447,COUR4485,-37.8201261,144.9683846,2020-12-29,07:50:46,0,0,Car,"[('sunday brunch', 3), ('beer', 3), ('pasta', 1), ('new zealand lamb chops', 1)]",0,101.42,567.0,1,9.51,3.0386
ORD096073,REST1420,CUST09462,COUR3773,-37.8012946,144.9457873,2020-06-09,03:05:56,0,0,Motorbike,"[('beef fry', 2), ('roast beef', 3)]",0,84.38,652.0,1,9.26,2.687297794019764
ORD135100,REST0978,CUST12956,COUR3272,-37.8113505,144.9528097,2020-08-07,12:31:38,1,0,Car,"[('mutton biryani', 1), ('mudpie', 3)]",0,54.89,2433.0,6,9.02,4.466
ORD051436,REST1420,CUST11783,COUR2444,-37.8039919,144.9691179,2020-05-07,14:22:25,0,0,Bike,"[('beef curry', 3), ('roast beef', 2), ('fish fry', 3)]",20,85.88,2058.0,10,9.26,3.5473
ORD105633,REST0978,CUST06908,COUR1972,-37.805841,144.956183,2020-12-10,04:52:44,0,0,Car,"[('chicken tikka', 3), ('kulfi', 2)]",0,102.16,1869.0,4,9.02,3.3127
ORD016341,REST1420,CUST05015,COUR0389,-37.8095002,144.9726662,2020-07-26,17:12:31,0,1,Bike,"[('beef fry', 2), ('chicken biryani', 1)]",10,50.53,2499.0,12,9.26,4.761999048945651
ORD290921,REST1829,CUST01347,COUR3647,-37.8179366,144.966773,2020-08-30,09:57:21,0,1,Motorbike,"[('manchurian', 2), ('sweet corn soup', 2), ('egg fried rice', 2)]",0,103.2,2995.0,6,8.05,4.6622
ORD166490,REST0978,CUST06460,COUR1107,-37.8080174,144.9955836,2020-12-26,23:20:26,0,1,Bike,"[('steak', 1), ('kulfi', 2)]",0,54.03,2790.0,14,9.02,4.6245
ORD279847,REST2023,CUST11265,COUR0867,-37.8095255,144.9339598,2020-05-28,23:56:02,0,0,Motorbike,"[('appam', 3), ('vegetable stew', 2), ('duck roast', 2), ('roast chicken', 2)]",45,72.92,1510.0,3,8.39,2.9125
ORD003161,REST0978,CUST03520,COUR4244,-37.8202531,145.0010101,2020-04-23,12:27:41,1,0,Motorbike,"[('mutton biryani', 3), ('butter naan', 2), ('kulfi', 3), ('steak', 3)]",40,107.59,4356.0,9,9.02,4.7618
ORD303919,REST1829,CUST01149,COUR0455,-37.8250288,144.9537713,2020-09-13,14:10:32,0,1,Bike,"[('momos', 2), ('sweet corn soup', 1), ('chowmein', 3)]",0,81.3,3778.0,19,8.05,5.6819003635486425
ORD027932,REST0774,CUST02193,COUR3844,-37.8121579,144.9536879,2020-03-31,15:13:50,0,0,Car,"[('cocktails', 1), ('shotgun chicken', 2)]",0,49.42,1534.0,4,9.51,2.9447234129293225
ORD158713,REST1829,CUST02617,COUR1575,-37.8105357,144.9593008,2020-06-21,11:12:31,0,1,Motorbike,"[('chowmein', 2), ('noodles', 1), ('sweet corn soup', 3), ('manchurian', 3)]",10,114.11,3009.0,6,8.05,4.4336
ORD237877,REST0774,CUST02096,COUR1907,-37.8001267,145.0183189,2020-03-05,00:39:33,0,0,Motorbike,"[('cocktails', 2), ('new zealand lamb chops', 1), ('sunday brunch', 3)]",40,61.46,6353.0,13,9.51,4.0127
ORD026824,REST1420,CUST12430,COUR1049,-37.8096634,144.9475724,2020-12-20,18:47:28,1,1,Motorbike,"[('roast beef', 3), ('masala dosa', 1), ('chicken curry', 3), ('chicken biryani', 3)]",0,112.82,1035.0,2,9.26,4.9287
ORD196598,REST1829,CUST02769,COUR0903,-37.8194477,144.9918714,2020-01-04,23:52:05,0,1,Motorbike,"[('chowmein', 2), ('sweet corn soup', 2), ('momos', 1), ('manchurian', 3)]",45,62.75,5424.0,11,8.05,4.9257
ORD326046,REST1829,CUST11577,COUR2653,-37.8182669,145.0005497,2020-05-01,13:58:40,1,0,Car,"[('momos', 2), ('chowmein', 1), ('sweet corn soup', 2), ('noodles', 2)]",0,93.08,6145.0,15,8.05,5.8983
ORD053462,REST1420,CUST08345,COUR3324,-37.8130742,144.9515631,2020-10-29,02:38:14,0,0,Bike,"[('roast beef', 2), ('masala dosa', 1), ('chicken curry', 1), ('beef curry', 1)]",10,54.32,1381.0,7,9.26,3.5731
ORD104503,REST1420,CUST08313,COUR1262,-37.8130208,144.9513428,2020-06-21,14:18:27,0,1,Car,"[('roast beef', 1), ('beef fry', 1)]",0,35.43,1382.0,3,9.26,4.0474
ORD121856,REST1829,CUST12240,COUR3830,-37.8084464,144.9478112,2020-11-05,10:48:47,0,0,Motorbike,"[('chowmein', 2), ('egg fried rice', 3)]",20,67.54,2353.0,5,8.05,3.3052695579547366
ORD265430,REST0774,CUST06763,COUR1318,-37.8038757,144.9728385,2020-03-24,01:23:04,0,0,Car,"[('shotgun chicken', 2), ('beer', 1)]",0,37.13,2651.0,6,9.51,2.8573
ORD067541,REST2023,CUST01214,COUR4161,-37.7995712,144.9903243,2020-01-14,23:36:15,0,0,Bike,"[('duck roast', 2), ('appam', 2), ('vegetable stew', 1)]",0,58.39,5129.0,26,8.39,5.4588
ORD068356,REST1420,CUST05260,COUR3268,-37.8174124,144.96759,2020-11-23,00:47:28,0,0,Motorbike,"[('beef fry', 2), ('chicken curry', 2), ('masala dosa', 3)]",0,113.11,2721.0,5,9.26,3.0898705282437886
ORD302677,REST1829,CUST08267,COUR0335,-37.8211718,144.9553904,2020-05-04,08:06:35,0,0,Car,"[('noodles', 1), ('manchurian', 3), ('chowmein', 2), ('momos', 3)]",0,115.36,2912.0,7,8.05,3.4786
ORD150203,REST0978,CUST09936,COUR0015,-37.8177257,144.9518751,2020-05-07,21:17:48,0,0,Bike,"[('chicken tikka', 3), ('mudpie', 2), ('sweet corn soup', 2)]",20,94.34,3088.0,15,9.02,4.139026138291972
ORD088685,REST1829,CUST03850,COUR1286,-37.8123408,144.9851733,2020-06-21,14:46:09,0,1,Bike,"[('noodles', 2), ('manchurian', 1), ('momos', 3), ('sweet corn soup', 1)]",10,81.91,4968.0,25,8.05,6.3435
ORD276907,REST0978,CUST11456,COUR2065,-37.8142155,144.9728707,2020-12-20,19:23:04,1,1,Car,"[('chicken tikka', 2), ('mudpie', 2), ('kulfi', 1), ('beef chilli', 1)]",0,114.06,1791.0,4,9.02,5.346
ORD138923,REST0978,CUST04806,COUR4594,-37.8042012,144.9279658,2020-04-27,12:43:30,1,0,Car,"[('mudpie', 3), ('mutton biryani', 1), ('chicken tikka', 2), ('steak', 3)]",20,110.74,4487.0,11,9.02,5.3995
ORD158869,REST2023,CUST12956,COUR1526,-37.8113505,144.9528097,2020-02-14,22:44:50,0,0,Motorbike,"[('duck roast', 1), ('roast chicken', 3), ('appam', 3), ('vegetable stew', 2)]",10,134.77,1150.0,2,8.39,2.9428146600952116
ORD024671,REST2023,CUST13165,COUR3246,-37.8088307,144.9420426,2020-12-20,17:00:39,0,1,Car,"[('duck roast', 3), ('vegetable stew', 1), ('roast chicken', 2)]",40,46.42,1837.0,4,8.39,4.2103
ORD105130,REST2023,CUST02313,COUR4803,-37.8085482,144.9556474,2020-08-19,16:36:55,0,0,Car,"[('vegetable stew', 2), ('appam', 1), ('duck roast', 3), ('roast chicken', 3)]",10,114.48,1561.0,4,8.39,3.144101027207224
ORD309468,REST2023,CUST08969,COUR2321,-37.801299,145.0011591,2020-09-17,06:00:00,0,0,Motorbike,"[('vegetable stew', 1), ('appam', 2)]",10,39.56,6018.0,12,8.39,3.848
ORD167457,REST1420,CUST08886,COUR2980,-37.8144849,144.9999191,2020-01-25,18:11:52,1,1,Motorbike,"[('roast beef', 2), ('fish fry', 2)]",20,50.91,5201.0,10,9.26,6.2132
ORD011107,REST1420,CUST11300,COUR1391,-37.8183928,144.9670339,2020-02-22,07:03:17,0,1,Bike,"[('masala dosa', 2), ('chicken curry', 3), ('roast beef', 3)]",0,95.47,2828.0,14,9.26,4.963285416057664
ORD001379,REST1420,CUST12137,COUR4014,-37.8126669,144.9640858,2020-03-01,17:44:10,0,1,Motorbike,"[('chicken curry', 2), ('beef fry', 1), ('fish fry', 2)]",40,41.38,2075.0,4,9.26,3.695
ORD063926,REST0774,CUST01321,COUR0703,-37.8129148,144.9857283,2020-10-21,12:11:52,1,0,Motorbike,"[('sunday brunch', 1), ('new zealand lamb chops', 3)]",10,54.36,2311.0,5,9.51,4.463
ORD340432,REST0978,CUST07609,COUR1549,-37.8121742,144.9381852,2020-12-26,04:52:44,0,1,Motorbike,"[('butter naan', 2), ('mudpie', 3)]",10,76.82,4286.0,9,9.02,4.3083
ORD226987,REST1420,CUST01572,COUR3538,-37.8218104,144.9925744,2020-08-23,12:23:44,1,1,Car,"[('chicken curry', 3), ('fish fry', 2), ('masala dosa', 1), ('beef fry', 1)]",45,51.6,4994.0,12,9.26,6.3819
ORD055525,REST2023,CUST04059,COUR1216,-37.8201368,144.9844136,2020-09-05,15:49:27,0,1,Motorbike,"[('appam', 2), ('roast chicken', 1), ('vegetable stew', 3), ('duck roast', 1)]",40,53.69,4004.0,8,8.39,4.6015
ORD225070,REST0978,CUST01401,COUR3534,-37.7993877,144.9581656,2020-07-29,09:09:53,0,0,Car,"[('mutton biryani', 3), ('beef chilli', 1), ('kulfi', 2)]",40,59.33,1326.0,3,9.02,2.9313079356198983
ORD246014,REST2023,CUST13320,COUR4019,-37.8197193,144.941013,2020-05-29,00:00:00,0,0,Motorbike,"[('duck roast', 3), ('appam', 3)]",0,77.13,642.0,1,8.39,2.842171476539206
ORD074261,REST0978,CUST06235,COUR3649,-37.8160065,144.938349,2020-11-06,05:20:26,0,0,Car,"[('beef chilli', 3), ('chicken tikka', 1)]",0,92.18,3904.0,9,9.02,3.535167036955935
ORD005233,REST1420,CUST00702,COUR0947,-37.8069808,144.9942382,2020-09-17,05:44:10,0,0,Motorbike,"[('fish fry', 2), ('chicken curry', 2)]",20,37.65,4224.0,8,9.26,3.4547
ORD263527,REST1420,CUST02378,COUR0469,-37.8216065,144.9577757,2020-04-19,12:51:25,1,1,Car,"[('beef curry', 1), ('masala dosa', 3), ('roast beef', 1), ('beef fry', 3)]",40,87.93,2350.0,6,9.26,5.4746
ORD049859,REST0978,CUST04586,COUR2097,-37.8140574,144.9481379,2020-04-20,04:29:00,0,0,Motorbike,"[('butter naan', 1), ('mudpie', 3)]",0,64.28,4098.0,8,9.02,3.434523853399929
ORD283126,REST1420,CUST13135,COUR4449,-37.8120571,144.9882183,2020-01-17,03:29:40,0,0,Bike,"[('beef fry', 3), ('beef curry', 3), ('roast beef', 3)]",0,131.7,3924.0,20,9.26,4.4249
ORD025409,REST1829,CUST06773,COUR4098,-37.8033433,144.9695607,2020-09-28,13:34:56,1,0,Car,"[('sweet corn soup', 3), ('momos', 1)]",40,40.34,4387.0,11,8.05,5.402
ORD004061,REST1420,CUST13219,COUR1005,-37.8204535,144.9769006,2020-12-13,23:44:10,0,1,Motorbike,"[('masala dosa', 1), ('beef curry', 3), ('chicken curry', 3)]",45,33.39,3961.0,8,9.26,4.359426314721627
ORD291910,REST0774,CUST00548,COUR4758,-37.8222313,144.9758609,2020-06-02,13:07:15,1,0,Bike,"[('beer', 3), ('shotgun chicken', 2), ('sunday brunch', 1), ('cocktails', 1)]",0,87.11,1534.0,8,9.51,4.6663
ORD347348,REST0978,CUST01128,COUR4966,-37.7995439,145.0022776,2020-03-30,08:30:19,0,0,Bike,"[('mutton biryani', 2), ('chicken tikka', 3)]",0,85.54,3657.0,18,9.02,4.2294
ORD031530,REST0774,CUST09427,COUR1662,-37.8225056,144.9556357,2020-09-03,14:22:25,0,0,Bike,"[('shotgun chicken', 3), ('pasta', 2), ('red wine sangria', 1), ('new zealand lamb chops', 3)]",45,77.45,844.0,4,9.51,2.9447234129293225
ORD000070,REST1420,CUST03336,COUR3965,-37.8106324,144.9452414,2020-11-04,16:40:52,0,0,Motorbike,"[('beef curry', 2), ('chicken curry', 3), ('masala dosa', 1)]",45,28.73,1109.0,2,9.26,2.7879409775757704
ORD028598,REST1420,CUST03265,COUR0288,-37.7995333,144.9531717,2020-04-19,19:03:17,1,1,Car,"[('beef fry', 2), ('roast beef', 2), ('beef curry', 2)]",10,79.02,752.0,2,9.26,5.2370092806535204
ORD248861,REST0978,CUST07212,COUR2717,-37.8179614,144.950781,2020-03-24,05:20:26,0,0,Car,"[('mutton biryani', 1), ('steak', 3), ('chicken tikka', 3)]",40,69.56,3174.0,8,9.02,3.5402
ORD148477,REST2023,CUST12526,COUR3641,-37.8187411,144.953228,2020-03-22,06:23:44,0,1,Car,"[('roast chicken', 3), ('duck roast', 1), ('vegetable stew', 1), ('appam', 2)]",45,68.35,873.0,2,8.39,3.9104408959050314
ORD238902,REST2023,CUST02821,COUR0690,-37.8151162,145.0014823,2020-01-31,14:50:06,0,0,Car,"[('roast chicken', 1), ('appam', 2), ('duck roast', 1), ('vegetable stew', 1)]",0,75.54,5587.0,13,8.39,4.0498896792112795
ORD194360,REST1829,CUST05873,COUR1629,-37.8175499,144.9554956,2020-11-17,18:23:44,1,0,Car,"[('chowmein', 1), ('noodles', 3), ('sweet corn soup', 3), ('manchurian', 2)]",10,107.16,2711.0,7,8.05,4.9284
ORD284077,REST1829,CUST09773,COUR0659,-37.799821,144.9630497,2020-01-30,09:09:53,0,0,Car,"[('noodles', 2), ('egg fried rice', 3), ('chowmein', 3), ('momos', 2)]",20,113.58,4205.0,10,8.05,3.468
ORD180601,REST0774,CUST10376,COUR1569,-37.8248666,144.9915759,2020-09-28,21:21:45,0,0,Bike,"[('sunday brunch', 2), ('shotgun chicken', 3), ('beer', 2)]",10,82.67,2696.0,13,9.51,3.8035
ORD266644,REST0978,CUST04287,COUR1552,-37.8242658,144.9904381,2020-10-29,14:06:35,0,0,Car,"[('kulfi', 1), ('sweet corn soup', 2), ('mudpie', 3), ('chicken tikka', 2)]",45,72.38,3660.0,9,9.02,3.4666
ORD177625,REST2023,CUST11020,COUR0938,-37.8119517,144.9513726,2020-10-23,20:14:30,0,0,Bike,"[('appam', 3), ('roast chicken', 2), ('duck roast', 2), ('vegetable stew', 3)]",10,125.6,981.0,5,8.39,3.2447442107632303
ORD101756,REST0774,CUST06428,COUR4699,-37.8115857,145.0106036,2020-08-31,17:00:39,0,0,Car,"[('sunday brunch', 2), ('new zealand lamb chops', 1), ('pasta', 1)]",0,63.73,4733.0,11,9.51,3.7268
ORD289156,REST2023,CUST01144,COUR1577,-37.8241184,144.9534812,2020-09-30,14:58:01,0,0,Motorbike,"[('duck roast', 2), ('appam', 1)]",10,29.64,1334.0,3,8.39,3.0434578436512183
ORD212427,REST0978,CUST13227,COUR3973,-37.8216064,144.9779458,2020-02-17,09:49:27,0,0,Bike,"[('mudpie', 3), ('kulfi', 3)]",0,103.2,2810.0,14,9.02,4.0594
ORD273110,REST1829,CUST02993,COUR1426,-37.8032475,144.9890489,2020-07-10,17:00:39,0,0,Bike,"[('egg fried rice', 3), ('chowmein', 1), ('sweet corn soup', 3)]",10,113.24,6053.0,30,8.05,5.7281
ORD309846,REST1829,CUST10200,COUR1360,-37.8039503,144.9683234,2020-09-19,12:07:54,1,1,Car,"[('egg fried rice', 3), ('sweet corn soup', 2), ('manchurian', 1)]",0,109.8,4399.0,11,8.05,6.4364
ORD064282,REST2023,CUST00212,COUR3702,-37.8011933,144.9566989,2020-07-05,15:09:53,0,1,Car,"[('appam', 1), ('roast chicken', 1), ('vegetable stew', 3), ('duck roast', 1)]",0,70.99,2389.0,6,8.39,3.8317
ORD185592,REST1420,CUST09845,COUR2995,-37.8078343,144.9730469,2020-06-18,17:20:26,0,0,Motorbike,"[('roast beef', 3), ('beef fry', 3)]",40,63.77,2356.0,5,9.26,2.9966
ORD008860,REST0978,CUST13036,COUR0088,-37.8121918,144.9531932,2020-07-21,10:52:44,0,0,Bike,"[('sweet corn soup', 2), ('mudpie', 3)]",0,70.16,2422.0,12,9.02,3.9667
ORD117201,REST0978,CUST02012,COUR1462,-37.8022987,144.9522544,2020-03-17,01:50:46,0,0,Car,"[('chicken tikka', 2), ('steak', 2)]",40,41.7,1876.0,5,9.02,3.1527
ORD048944,REST1829,CUST06119,COUR4348,-37.8046849,144.9446115,2020-12-27,17:36:15,0,1,Motorbike,"[('momos', 1), ('noodles', 2), ('manchurian', 2), ('chowmein', 1)]",0,70.85,2084.0,4,8.05,4.6125
ORD195927,REST1829,CUST13728,COUR0682,-37.8210363,144.9552375,2020-06-05,23:00:39,0,0,Bike,"[('chowmein', 1), ('noodles', 1), ('momos', 3)]",0,62.62,2882.0,14,8.05,4.211058209958792
ORD059929,REST2023,CUST10096,COUR3128,-37.819355,144.9895766,2020-07-23,10:44:50,0,0,Bike,"[('duck roast', 2), ('roast chicken', 2)]",45,34.75,4245.0,21,8.39,4.855035147659329
ORD205046,REST0978,CUST02609,COUR1350,-37.8093871,144.963212,2020-04-08,14:46:09,0,0,Bike,"[('butter naan', 3), ('steak', 3), ('beef chilli', 3), ('sweet corn soup', 3)]",0,217.23,1511.0,8,9.02,3.434523853399929
ORD104266,REST1829,CUST01648,COUR1885,-37.8106542,145.0015254,2020-04-08,06:55:23,0,0,Car,"[('manchurian', 2), ('egg fried rice', 1), ('momos', 1)]",0,61.41,6536.0,16,8.05,4.2438
ORD219083,REST2023,CUST12612,COUR2223,-37.8043181,144.9489275,2020-07-06,10:29:00,0,0,Bike,"[('roast chicken', 1), ('duck roast', 2), ('vegetable stew', 1), ('appam', 1)]",40,38.56,1977.0,10,8.39,3.5417
ORD303650,REST0978,CUST05795,COUR2331,-37.8152997,144.9902847,2020-10-07,14:30:19,0,0,Bike,"[('sweet corn soup', 2), ('steak', 2)]",40,33.01,3115.0,16,9.02,4.239669321847979
ORD293439,REST2023,CUST00471,COUR2742,-37.8172224,144.9490057,2020-11-28,05:08:34,0,1,Car,"[('duck roast', 2), ('roast chicken', 3), ('vegetable stew', 2)]",10,91.34,424.0,1,8.39,3.8097977123490256
ORD343611,REST0978,CUST02775,COUR2224,-37.8250542,144.9985609,2020-01-04,00:27:41,0,1,Motorbike,"[('mudpie', 2), ('beef chilli', 2)]",0,76.44,4462.0,9,9.02,4.7537
ORD099939,REST1420,CUST00793,COUR0711,-37.7994394,144.9724109,2020-10-17,09:17:48,0,1,Car,"[('chicken biryani', 3), ('roast beef', 2), ('masala dosa', 2)]",45,56.77,2563.0,6,9.26,4.2461
ORD279266,REST1420,CUST13931,COUR3370,-37.8074457,144.9626764,2020-09-17,23:04:36,0,0,Motorbike,"[('roast beef', 1), ('chicken curry', 1)]",0,18.75,1509.0,3,9.26,3.107
ORD130122,REST0774,CUST11869,COUR3816,-37.8105551,145.0006641,2020-12-19,07:38:54,0,1,Motorbike,"[('new zealand lamb chops', 2), ('cocktails', 3), ('red wine sangria', 1), ('pasta', 2)]",10,125.44,3874.0,8,9.51,4.314922382963166
ORD084365,REST1420,CUST04008,COUR1754,-37.8246085,144.9466327,2020-06-28,02:14:30,0,1,Bike,"[('roast beef', 1), ('beef curry', 3)]",0,38.93,2971.0,15,9.26,4.8025
ORD138379,REST1829,CUST03127,COUR1219,-37.8122489,144.9886568,2020-10-30,04:17:08,0,0,Car,"[('egg fried rice', 1), ('sweet corn soup', 3), ('momos', 2), ('chowmein', 3)]",0,137.04,5214.0,13,8.05,4.1068
ORD212842,REST0774,CUST06433,COUR2402,-37.8128426,145.0105729,2020-09-27,05:20:26,0,1,Bike,"[('beer', 2), ('pasta', 2)]",0,47.12,4890.0,24,9.51,5.925213319859265
ORD318177,REST0978,CUST11993,COUR1254,-37.817353,144.9910206,2020-03-13,06:19:46,0,0,Car,"[('steak', 1), ('kulfi', 1), ('beef chilli', 3), ('butter naan', 2)]",0,147.65,3307.0,8,9.02,3.5362
ORD008067,REST0978,CUST11132,COUR4704,-37.8079662,144.9454287,2020-12-09,17:04:36,0,0,Car,"[('kulfi', 1), ('butter naan', 3), ('sweet corn soup', 1), ('mutton biryani', 3)]",0,131.79,3015.0,7,9.02,3.047
ORD306347,REST2023,CUST00019,COUR2813,-37.806775,144.9513141,2020-07-04,08:34:17,0,1,Car,"[('roast chicken', 2), ('duck roast', 3), ('vegetable stew', 3), ('appam', 1)]",45,60.39,1698.0,4,8.39,4.0197
ORD124512,REST2023,CUST06891,COUR4609,-37.8064264,144.9610387,2020-07-14,23:40:13,0,0,Motorbike,"[('roast chicken', 2), ('vegetable stew', 1)]",20,44.57,2190.0,4,8.39,2.9274
ORD031446,REST1420,CUST13067,COUR4546,-37.8125792,144.9690115,2020-02-09,17:16:29,0,1,Motorbike,"[('fish fry', 3), ('chicken curry', 3)]",0,70.59,2474.0,5,9.26,4.2459
ORD347772,REST0774,CUST11180,COUR2085,-37.8053055,144.9541523,2020-06-04,07:07:15,0,0,Motorbike,"[('shotgun chicken', 3), ('new zealand lamb chops', 2), ('sunday brunch', 3)]",0,123.3,2118.0,4,9.51,2.7792
ORD050950,REST2023,CUST07949,COUR0365,-37.8131754,144.973829,2020-02-29,01:42:51,0,1,Motorbike,"[('duck roast', 1), ('vegetable stew', 3), ('appam', 2)]",20,52.09,2836.0,6,8.39,4.313013630129056
ORD129632,REST0978,CUST02904,COUR1186,-37.806349,144.9881407,2020-01-01,19:03:17,1,0,Bike,"[('sweet corn soup', 3), ('mutton biryani', 1), ('butter naan', 1), ('steak', 1)]",0,87.24,2104.0,11,9.02,5.2449
ORD213479,REST0774,CUST04774,COUR1128,-37.8052568,144.9337541,2020-05-30,23:40:13,0,1,Car,"[('sunday brunch', 1), ('pasta', 3), ('shotgun chicken', 3)]",0,110.59,3536.0,8,9.51,4.4131
ORD320832,REST2023,CUST11179,COUR0242,-37.8052697,144.9538186,2020-02-12,13:38:54,1,0,Motorbike,"[('vegetable stew', 3), ('roast chicken', 3)]",0,94.02,1937.0,4,8.39,4.5383
ORD201568,REST2023,CUST05503,COUR0453,-37.8155796,144.9633776,2020-01-29,17:36:15,0,0,Motorbike,"[('appam', 3), ('duck roast', 1)]",20,50.15,1922.0,4,8.39,3.021
ORD214111,REST1420,CUST08882,COUR1727,-37.8151528,145.0060579,2020-01-24,23:28:21,0,0,Car,"[('chicken biryani', 2), ('fish fry', 2)]",45,33.68,5745.0,14,9.26,3.5054
ORD067058,REST1829,CUST13113,COUR4410,-37.8183457,144.9760739,2020-08-18,01:03:17,0,0,Motorbike,"[('chowmein', 3), ('manchurian', 3), ('noodles', 1)]",40,51.23,3884.0,8,8.05,3.607199108622755
ORD013440,REST0978,CUST12107,COUR1218,-37.8238862,145.0103172,2020-09-03,16:32:58,0,0,Motorbike,"[('mutton biryani', 3), ('chicken tikka', 1), ('butter naan', 2)]",45,53.87,5424.0,11,9.02,3.8469
ORD148263,REST0774,CUST08489,COUR2019,-37.8009705,144.9567062,2020-05-26,03:33:37,0,0,Bike,"[('new zealand lamb chops', 1), ('cocktails', 1), ('beer', 2)]",45,26.61,2397.0,12,9.51,3.7498688813773713
ORD180771,REST1829,CUST12566,COUR4126,-37.8187501,144.9532499,2020-07-08,04:29:00,0,0,Bike,"[('sweet corn soup', 3), ('egg fried rice', 2), ('momos', 1)]",10,96.9,2554.0,13,8.05,4.5682
ORD089993,REST1829,CUST13585,COUR3866,-37.8154612,144.9405224,2020-01-09,21:45:29,0,0,Motorbike,"[('chowmein', 3), ('egg fried rice', 3)]",0,96.3,3014.0,6,8.05,3.5278
ORD275807,REST0774,CUST03360,COUR2753,-37.8209258,144.9624824,2020-12-29,10:21:05,0,0,Motorbike,"[('cocktails', 3), ('red wine sangria', 2), ('shotgun chicken', 2), ('new zealand lamb chops', 2)]",0,155.38,231.0,0,9.51,2.5421506787052977
ORD342646,REST0774,CUST07508,COUR1432,-37.8151352,144.9450883,2020-10-23,16:05:16,0,0,Motorbike,"[('cocktails', 1), ('shotgun chicken', 2), ('new zealand lamb chops', 2)]",0,78.82,2200.0,4,9.51,3.0903
ORD118022,REST1829,CUST06699,COUR4662,-37.8073299,144.9724106,2020-09-23,06:07:54,0,0,Bike,"[('manchurian', 3), ('sweet corn soup', 2), ('momos', 3), ('noodles', 3)]",45,79.69,4222.0,21,8.05,4.915560494850835
ORD167859,REST2023,CUST12675,COUR0841,-37.8043289,144.9501428,2020-06-11,11:36:15,0,0,Bike,"[('duck roast', 3), ('vegetable stew', 2), ('roast chicken', 2)]",0,84.34,2135.0,11,8.39,3.8095
ORD156660,REST2023,CUST03206,COUR1646,-37.8090616,144.9289401,2020-11-15,13:46:48,1,1,Motorbike,"[('vegetable stew', 3), ('roast chicken', 1), ('appam', 2), ('duck roast', 1)]",0,89.48,1961.0,4,8.39,5.743
ORD096629,REST2023,CUST09994,COUR4497,-37.7999208,144.9878654,2020-03-31,15:01:58,0,0,Motorbike,"[('appam', 2), ('roast chicken', 3), ('vegetable stew', 2), ('duck roast', 1)]",0,131.25,4862.0,10,8.39,3.658
ORD101292,REST2023,CUST10753,COUR1352,-37.8099641,144.9902573,2020-05-25,06:43:30,0,0,Motorbike,"[('appam', 2), ('vegetable stew', 2)]",10,45.83,4389.0,9,8.39,3.4645
ORD052448,REST0978,CUST12823,COUR3748,-37.8157484,145.0091263,2020-09-26,04:01:19,0,1,Bike,"[('sweet corn soup', 3), ('mutton biryani', 3), ('chicken tikka', 3), ('butter naan', 2)]",0,179.83,4873.0,24,9.02,6.4186
ORD327327,REST0978,CUST11333,COUR4048,-37.8251703,144.9574889,2020-04-19,09:57:21,0,1,Bike,"[('steak', 3), ('mutton biryani', 3), ('kulfi', 1), ('chicken tikka', 1)]",0,117.88,3629.0,18,9.02,5.40858192476981
ORD038174,REST0978,CUST06524,COUR4162,-37.8242138,144.9832312,2020-07-19,08:46:09,0,1,Car,"[('butter naan', 3), ('beef chilli', 3), ('mudpie', 2)]",45,89.92,3367.0,8,9.02,4.2945
ORD119402,REST0978,CUST13449,COUR2829,-37.8248005,144.9821471,2020-11-19,20:06:35,0,0,Bike,"[('kulfi', 3), ('sweet corn soup', 1), ('steak', 2), ('mudpie', 1)]",0,115.94,3434.0,17,9.02,4.4407
ORD062487,REST1420,CUST10265,COUR3059,-37.826394,144.9519017,2020-08-04,13:38:54,1,0,Car,"[('chicken biryani', 1), ('masala dosa', 1)]",10,28.74,3156.0,8,9.26,4.563
ORD162259,REST0978,CUST12175,COUR2175,-37.8023967,144.9634554,2020-08-13,21:41:32,0,0,Motorbike,"[('mutton biryani', 2), ('chicken tikka', 1), ('sweet corn soup', 3), ('butter naan', 2)]",10,114.03,886.0,2,9.02,2.6939
ORD345627,REST0978,CUST00175,COUR0598,-37.8049735,145.0145436,2020-07-14,13:11:12,1,0,Car,"[('butter naan', 2), ('steak', 3), ('sweet corn soup', 1), ('beef chilli', 2)]",20,116.3,4348.0,10,9.02,5.2973
ORD130546,REST0978,CUST08980,COUR4163,-37.8149716,144.9606149,2020-10-31,09:49:27,0,1,Bike,"[('steak', 2), ('kulfi', 3), ('mutton biryani', 1), ('chicken tikka', 2)]",40,84.71,2253.0,11,9.02,4.704079639877767
ORD069506,REST0978,CUST11986,COUR1282,-37.8167908,144.9915408,2020-10-20,18:00:00,1,0,Motorbike,"[('mudpie', 2), ('sweet corn soup', 2), ('kulfi', 1), ('chicken tikka', 1)]",0,96.48,3396.0,7,9.02,4.9833
ORD236455,REST1420,CUST11634,COUR2438,-37.8082762,144.9631593,2020-09-27,10:05:16,0,1,Bike,"[('chicken biryani', 2), ('beef curry', 2)]",45,22.87,1612.0,8,9.26,4.4799
ORD331152,REST1420,CUST12598,COUR3772,-37.8034957,144.9497343,2020-10-27,11:52:05,0,0,Car,"[('chicken biryani', 3), ('beef curry', 3), ('beef fry', 1), ('fish fry', 3)]",40,83.51,92.0,0,9.26,2.7606
ORD272474,REST1420,CUST04811,COUR3878,-37.8044354,144.928002,2020-09-29,07:11:12,0,0,Bike,"[('beef fry', 2), ('roast beef', 2), ('chicken curry', 3)]",10,77.9,2345.0,12,9.26,3.9495
ORD314161,REST1420,CUST08143,COUR0888,-37.8186939,145.0003434,2020-07-25,10:01:19,0,1,Car,"[('chicken biryani', 3), ('beef curry', 1), ('masala dosa', 2), ('beef fry', 3)]",40,90.23,5392.0,13,9.26,4.862642232501657
ORD152477,REST2023,CUST03849,COUR3188,-37.8121645,144.9853106,2020-08-06,09:45:29,0,0,Motorbike,"[('appam', 1), ('roast chicken', 1), ('vegetable stew', 3)]",40,38.26,4039.0,8,8.39,3.546673761431249
ORD234832,REST1829,CUST11850,COUR0270,-37.8092956,144.9863171,2020-03-06,03:05:56,0,0,Bike,"[('chowmein', 2), ('noodles', 1)]",10,29.38,5203.0,26,8.05,5.3361
ORD018690,REST2023,CUST12263,COUR1886,-37.819802,144.9612877,2020-11-10,14:02:38,0,0,Car,"[('appam', 3), ('duck roast', 3)]",20,61.7,1799.0,4,8.39,3.3605
ORD070795,REST2023,CUST01328,COUR3799,-37.8239393,144.9306538,2020-11-06,20:18:27,0,0,Bike,"[('duck roast', 2), ('roast chicken', 1), ('appam', 2)]",10,68.21,2501.0,13,8.39,3.9834
ORD160063,REST2023,CUST02225,COUR1218,-37.8147184,144.950696,2020-12-05,19:15:09,1,1,Motorbike,"[('appam', 3), ('vegetable stew', 1), ('duck roast', 1), ('roast chicken', 2)]",40,71.04,1061.0,2,8.39,5.881
ORD291265,REST2023,CUST06268,COUR2792,-37.80646,144.9570606,2020-10-08,21:29:40,0,0,Motorbike,"[('vegetable stew', 2), ('roast chicken', 3)]",45,47.88,2028.0,4,8.39,2.7121
ORD342080,REST1420,CUST12938,COUR0371,-37.8114594,144.9533647,2020-10-24,00:31:38,0,1,Bike,"[('chicken biryani', 2), ('fish fry', 2), ('roast beef', 2), ('beef curry', 3)]",0,113.69,1127.0,6,9.26,4.158139947609614
ORD185710,REST2023,CUST01847,COUR1351,-37.823749,145.0088206,2020-08-20,07:11:12,0,0,Car,"[('duck roast', 3), ('appam', 1)]",0,40.15,6183.0,15,8.39,4.1969
ORD176451,REST2023,CUST08137,COUR1419,-37.8187805,145.0007666,2020-02-09,23:40:13,0,1,Motorbike,"[('appam', 3), ('duck roast', 3)]",0,77.13,5286.0,11,8.39,4.3921
ORD103115,REST2023,CUST01187,COUR3668,-37.8073834,144.9941797,2020-01-30,06:47:28,0,0,Motorbike,"[('vegetable stew', 3), ('appam', 3), ('roast chicken', 3), ('duck roast', 3)]",20,136.92,4825.0,10,8.39,3.5498
ORD255662,REST0774,CUST13277,COUR3857,-37.8003079,144.9588043,2020-11-16,01:30:59,0,0,Bike,"[('beer', 1), ('shotgun chicken', 2), ('new zealand lamb chops', 2), ('pasta', 2)]",45,54.66,2471.0,12,9.51,3.9143
ORD339191,REST1829,CUST01101,COUR2702,-37.8125849,145.0155287,2020-03-27,11:48:07,0,0,Car,"[('egg fried rice', 2), ('noodles', 2), ('chowmein', 3), ('momos', 2)]",0,121.76,8505.0,20,8.05,4.6387
ORD223284,REST0774,CUST03455,COUR1933,-37.8198249,144.9954347,2020-04-03,00:23:44,0,0,Bike,"[('pasta', 1), ('new zealand lamb chops', 1), ('cocktails', 2)]",0,69.97,2993.0,15,9.51,4.0517984320453895
ORD015928,REST2023,CUST03588,COUR3877,-37.8148679,144.9350931,2020-01-20,08:22:25,0,0,Car,"[('appam', 2), ('roast chicken', 1), ('vegetable stew', 1)]",45,37.58,1437.0,3,8.39,2.922
ORD280064,REST1829,CUST11362,COUR4459,-37.8122868,144.962027,2020-06-30,09:25:42,0,0,Car,"[('egg fried rice', 3), ('noodles', 3), ('manchurian', 3), ('chowmein', 3)]",40,98.3,3317.0,8,8.05,3.6987
ORD061622,REST0774,CUST08151,COUR2319,-37.8182189,144.9958543,2020-05-08,16:48:47,0,0,Car,"[('new zealand lamb chops', 3), ('shotgun chicken', 3)]",45,49.0,2995.0,7,9.51,3.5603
ORD017371,REST2023,CUST03043,COUR1882,-37.8070498,144.9653015,2020-10-07,09:21:45,0,0,Bike,"[('appam', 2), ('duck roast', 2), ('vegetable stew', 1), ('roast chicken', 3)]",10,118.35,2416.0,12,8.39,3.8537
ORD055782,REST0774,CUST11801,COUR3203,-37.8012547,144.9626936,2020-07-05,00:00:00,0,1,Bike,"[('new zealand lamb chops', 2), ('pasta', 2), ('cocktails', 1), ('sunday brunch', 1)]",10,88.18,2419.0,12,9.51,4.7069
ORD142337,REST1420,CUST13200,COUR0040,-37.8200973,144.9768181,2020-09-18,01:03:17,0,0,Car,"[('chicken biryani', 2), ('beef curry', 2), ('roast beef', 1)]",10,49.59,3678.0,9,9.26,3.6238
ORD145803,REST2023,CUST00950,COUR3437,-37.8153015,144.9652044,2020-07-30,04:09:13,0,0,Car,"[('roast chicken', 2), ('duck roast', 2), ('vegetable stew', 3)]",40,50.45,2009.0,5,8.39,3.2447442107632303
ORD115752,REST1420,CUST00206,COUR0004,-37.8009706,144.949928,2020-07-26,20:02:38,0,1,Car,"[('beef curry', 1), ('masala dosa', 2)]",0,47.69,399.0,1,9.26,3.6894
ORD113721,REST2023,CUST11535,COUR1947,-37.8060789,144.9974028,2020-10-03,03:57:21,0,1,Bike,"[('roast chicken', 3), ('appam', 2), ('duck roast', 1), ('vegetable stew', 1)]",10,111.85,5483.0,27,8.39,6.6535
ORD037704,REST1420,CUST02940,COUR4418,-37.8014304,144.9763773,2020-09-08,07:15:09,0,0,Car,"[('chicken biryani', 1), ('beef curry', 1), ('fish fry', 3)]",0,75.69,2840.0,7,9.26,3.291156895355801
ORD089608,REST1829,CUST05946,COUR3410,-37.8205082,144.9660596,2020-08-01,20:18:27,0,1,Car,"[('egg fried rice', 3), ('noodles', 2), ('chowmein', 3), ('momos', 2)]",0,141.98,3338.0,8,8.05,4.5691
ORD030586,REST0978,CUST04251,COUR1691,-37.8262512,144.9951295,2020-06-28,05:20:26,0,1,Car,"[('butter naan', 3), ('steak', 1), ('chicken tikka', 2), ('mutton biryani', 3)]",0,153.78,4057.0,10,9.02,4.7399
ORD015687,REST1829,CUST09411,COUR1999,-37.8161714,144.9640777,2020-08-20,13:50:46,1,0,Bike,"[('noodles', 1), ('chowmein', 3), ('egg fried rice', 3), ('momos', 1)]",10,107.23,3423.0,17,8.05,5.994429827894741
ORD340051,REST0774,CUST13776,COUR4637,-37.8132911,144.9583563,2020-05-20,05:36:15,0,0,Car,"[('cocktails', 1), ('shotgun chicken', 3), ('beer', 2)]",40,47.21,1163.0,3,9.51,2.8440802293733163
ORD072198,REST2023,CUST00337,COUR2360,-37.8211305,144.9833823,2020-07-13,01:19:07,0,0,Motorbike,"[('appam', 2), ('duck roast', 1)]",45,24.31,3977.0,8,8.39,3.4589
ORD169686,REST0774,CUST04202,COUR2142,-37.8240051,144.9802064,2020-05-19,18:51:25,1,0,Motorbike,"[('beer', 2), ('sunday brunch', 3)]",0,63.16,1798.0,4,9.51,4.426165480197254
ORD016651,REST0774,CUST13789,COUR0601,-37.8106153,144.9675536,2020-03-21,18:19:46,1,1,Bike,"[('cocktails', 1), ('pasta', 3), ('new zealand lamb chops', 3)]",0,112.81,1478.0,7,9.51,5.6272
ORD340549,REST0978,CUST10474,COUR3364,-37.8237139,144.9971719,2020-02-22,22:44:50,0,1,Bike,"[('steak', 3), ('mudpie', 2), ('chicken tikka', 1)]",40,54.97,4256.0,21,9.02,5.58
ORD334195,REST0774,CUST13883,COUR1612,-37.8168724,144.9699267,2020-09-22,18:35:36,1,0,Car,"[('shotgun chicken', 2), ('new zealand lamb chops', 1), ('pasta', 2), ('sunday brunch', 3)]",0,126.46,741.0,2,9.51,4.224879113085241
ORD238850,REST0774,CUST04642,COUR0697,-37.8061632,144.9347763,2020-01-16,20:22:25,0,0,Bike,"[('sunday brunch', 1), ('pasta', 1), ('red wine sangria', 3), ('new zealand lamb chops', 2)]",0,118.71,3399.0,17,9.51,4.4301
ORD112410,REST2023,CUST03970,COUR2339,-37.8102905,144.9394264,2020-03-15,22:48:47,0,1,Car,"[('roast chicken', 3), ('duck roast', 1), ('appam', 2)]",0,117.31,1056.0,3,8.39,3.8431
ORD039579,REST0774,CUST01776,COUR2730,-37.8000545,144.9621754,2020-10-11,08:58:01,0,1,Bike,"[('sunday brunch', 2), ('red wine sangria', 1), ('pasta', 3), ('new zealand lamb chops', 1)]",40,69.27,2558.0,13,9.51,4.773
ORD193205,REST0978,CUST06939,COUR4123,-37.8060023,144.9559808,2020-09-05,09:37:34,0,1,Motorbike,"[('chicken tikka', 2), ('mutton biryani', 3), ('mudpie', 1)]",45,50.0,1906.0,4,9.02,3.999577354985724
ORD113696,REST1420,CUST07556,COUR1472,-37.8140786,144.9445885,2020-07-31,18:59:20,1,0,Car,"[('chicken curry', 3), ('chicken biryani', 1), ('fish fry', 1)]",0,46.31,1703.0,4,9.26,4.2906
ORD014044,REST0978,CUST13339,COUR0262,-37.8079541,144.9336726,2020-10-15,11:36:15,0,0,Motorbike,"[('chicken tikka', 3), ('mutton biryani', 1), ('butter naan', 3), ('kulfi', 2)]",45,97.4,3947.0,8,9.02,3.434523853399929
ORD075920,REST0774,CUST04989,COUR2375,-37.8124985,144.9729088,2020-11-26,21:09:53,0,0,Bike,"[('pasta', 2), ('red wine sangria', 1)]",0,51.72,1500.0,8,9.51,3.347296147153347
ORD169247,REST2023,CUST00906,COUR3450,-37.8202136,144.9601579,2020-07-25,17:16:29,0,1,Car,"[('vegetable stew', 3), ('appam', 3), ('roast chicken', 1), ('duck roast', 3)]",45,67.33,1730.0,4,8.39,4.111727263017044
ORD237136,REST0978,CUST08465,COUR3166,-37.8159335,144.9825903,2020-06-20,20:46:09,0,1,Motorbike,"[('butter naan', 2), ('chicken tikka', 1), ('mudpie', 1)]",45,42.5,2495.0,5,9.02,4.0289
ORD247267,REST0978,CUST09934,COUR2877,-37.8178098,144.9516661,2020-10-29,13:27:01,1,0,Motorbike,"[('mudpie', 3), ('steak', 2), ('sweet corn soup', 2)]",45,54.02,3110.0,6,9.02,4.714679553555848
ORD222504,REST2023,CUST02884,COUR2864,-37.8190062,144.9891819,2020-09-18,15:53:24,0,0,Motorbike,"[('appam', 2), ('duck roast', 3), ('roast chicken', 2), ('vegetable stew', 2)]",20,97.06,4243.0,8,8.39,3.5566
ORD038160,REST2023,CUST00219,COUR4394,-37.8094204,144.9316707,2020-11-11,22:44:50,0,0,Motorbike,"[('vegetable stew', 1), ('duck roast', 1)]",45,7.8,1719.0,3,8.39,3.0434578436512183
ORD009072,REST0774,CUST07642,COUR0873,-37.8138259,144.9399206,2020-07-17,06:03:57,0,0,Car,"[('cocktails', 2), ('shotgun chicken', 3), ('sunday brunch', 1)]",10,90.13,2780.0,7,9.51,3.4803
ORD325477,REST0978,CUST07039,COUR2043,-37.8039508,144.9580896,2020-12-31,15:13:50,0,0,Bike,"[('kulfi', 1), ('chicken tikka', 3), ('steak', 2)]",45,60.62,1501.0,8,9.02,3.574
ORD137341,REST1829,CUST13412,COUR1260,-37.8106286,145.009697,2020-06-09,12:47:28,1,0,Car,"[('sweet corn soup', 3), ('chowmein', 1), ('noodles', 2), ('manchurian', 2)]",45,60.6,7661.0,18,8.05,6.2626
ORD086567,REST1420,CUST07566,COUR3248,-37.8022543,144.9805561,2020-10-12,19:50:46,1,0,Car,"[('fish fry', 2), ('chicken curry', 3), ('beef curry', 3)]",0,77.7,3301.0,8,9.26,4.714
ORD257450,REST1829,CUST05796,COUR0930,-37.8242717,144.9886927,2020-11-02,20:06:35,0,0,Motorbike,"[('egg fried rice', 2), ('chowmein', 2), ('noodles', 1)]",0,73.09,5210.0,10,8.05,3.8764
ORD166243,REST0774,CUST01031,COUR1229,-37.8049802,144.9249672,2020-06-09,07:42:51,0,0,Car,"[('beer', 1), ('pasta', 3)]",10,50.78,4249.0,10,9.51,3.5264
ORD291776,REST0978,CUST10297,COUR4491,-37.8149589,144.9914863,2020-08-20,13:15:09,1,0,Car,"[('chicken tikka', 2), ('kulfi', 1), ('steak', 3)]",0,103.53,3273.0,8,9.02,4.7953
ORD063198,REST1420,CUST05989,COUR1815,-37.8137954,144.9718227,2020-06-06,16:29:00,0,1,Car,"[('fish fry', 2), ('chicken curry', 1), ('beef curry', 2)]",0,58.77,2791.0,7,9.26,4.1464
ORD320352,REST0978,CUST06844,COUR0475,-37.8064517,144.9595625,2020-09-15,20:34:17,0,0,Bike,"[('kulfi', 1), ('beef chilli', 2)]",10,60.88,1586.0,8,9.02,3.4917
ORD262754,REST1420,CUST09266,COUR1270,-37.812715,144.9681564,2020-11-19,04:21:05,0,0,Bike,"[('chicken biryani', 2), ('chicken curry', 2), ('beef curry', 3), ('fish fry', 2)]",45,53.41,2385.0,12,9.26,3.9256
ORD113336,REST0978,CUST11703,COUR1498,-37.8098006,144.9928419,2020-10-20,06:59:20,0,0,Car,"[('butter naan', 2), ('kulfi', 1), ('steak', 1)]",0,76.19,2789.0,7,9.02,3.3901
ORD223620,REST1829,CUST07800,COUR1049,-37.8018786,144.9873919,2020-05-24,09:21:45,0,1,Motorbike,"[('noodles', 1), ('manchurian', 2), ('momos', 2), ('chowmein', 1)]",0,75.91,6018.0,12,8.05,5.0693
ORD165572,REST1829,CUST05575,COUR1290,-37.8141649,144.9497383,2020-11-20,20:46:09,0,0,Motorbike,"[('momos', 3), ('chowmein', 1), ('manchurian', 3)]",0,94.59,378.0,1,8.05,3.2573
ORD093681,REST0978,CUST05059,COUR0476,-37.8200673,144.9586124,2020-07-09,00:51:25,0,0,Motorbike,"[('beef chilli', 2), ('sweet corn soup', 3), ('chicken tikka', 3)]",10,135.22,3051.0,6,9.02,2.9586
ORD206294,REST2023,CUST01293,COUR4619,-37.7999603,144.9736911,2020-03-03,17:28:21,0,0,Car,"[('appam', 2), ('duck roast', 1), ('roast chicken', 1), ('vegetable stew', 3)]",0,89.48,3558.0,9,8.39,3.5851
ORD252355,REST2023,CUST05139,COUR1708,-37.8248762,144.9534785,2020-10-28,01:34:56,0,0,Car,"[('roast chicken', 1), ('duck roast', 1), ('vegetable stew', 3), ('appam', 1)]",10,63.89,1352.0,3,8.39,3.1831
ORD011980,REST1420,CUST01823,COUR0780,-37.8153761,144.9553213,2020-01-17,23:36:15,0,0,Car,"[('fish fry', 1), ('beef fry', 2)]",45,34.17,1593.0,4,9.26,2.8512
ORD221042,REST0774,CUST07613,COUR2204,-37.8143014,144.9381221,2020-10-24,01:30:59,0,1,Motorbike,"[('cocktails', 1), ('pasta', 2), ('new zealand lamb chops', 3), ('beer', 1)]",20,82.81,3232.0,6,9.51,4.1517
ORD333903,REST0978,CUST07697,COUR3054,-37.8132128,145.0108971,2020-08-23,22:29:00,0,1,Car,"[('beef chilli', 1), ('kulfi', 3), ('steak', 2), ('chicken tikka', 2)]",0,153.32,4678.0,11,9.02,4.8324
ORD212474,REST2023,CUST05656,COUR3458,-37.8135819,144.9371435,2020-02-27,04:56:42,0,0,Motorbike,"[('vegetable stew', 1), ('appam', 1), ('duck roast', 1)]",0,32.68,1288.0,3,8.39,3.0434578436512183
ORD084127,REST0774,CUST02027,COUR1118,-37.802035,144.9494307,2020-11-22,15:57:21,0,1,Bike,"[('pasta', 3), ('red wine sangria', 1)]",20,54.52,2719.0,14,9.51,4.9187814842992035
ORD001101,REST0978,CUST06381,COUR1178,-37.8151243,144.9451961,2020-12-07,01:42:51,0,0,Car,"[('butter naan', 1), ('mutton biryani', 3), ('kulfi', 3)]",10,104.54,3133.0,8,9.02,3.2276
ORD139596,REST0978,CUST10186,COUR0304,-37.8206287,144.9707674,2020-06-10,08:54:03,0,0,Car,"[('steak', 3), ('butter naan', 1), ('mudpie', 1), ('beef chilli', 3)]",0,149.03,2732.0,7,9.02,3.4333
ORD205160,REST1829,CUST10830,COUR0308,-37.8025528,144.9573808,2020-10-02,12:39:33,1,0,Motorbike,"[('egg fried rice', 2), ('momos', 2)]",0,68.34,3634.0,7,8.05,4.8742
ORD009284,REST0978,CUST06990,COUR2063,-37.805687,144.9539261,2020-01-31,23:52:05,0,0,Bike,"[('butter naan', 1), ('chicken tikka', 2), ('mutton biryani', 2), ('sweet corn soup', 3)]",0,126.34,2109.0,11,9.02,3.7364534040679476
ORD043424,REST0978,CUST11349,COUR3422,-37.8121826,145.0163879,2020-11-29,00:07:54,0,1,Motorbike,"[('chicken tikka', 3), ('mutton biryani', 3)]",0,97.23,5037.0,10,9.02,4.6842
ORD209579,REST2023,CUST06774,COUR0305,-37.8037728,144.9737843,2020-11-09,08:30:19,0,0,Motorbike,"[('appam', 3), ('roast chicken', 3)]",40,77.15,3209.0,6,8.39,3.3453873943192365
ORD309144,REST1420,CUST11643,COUR3370,-37.8175043,144.9517968,2020-10-18,11:56:02,0,1,Motorbike,"[('beef curry', 2), ('fish fry', 3)]",20,57.47,2591.0,5,9.26,3.9295
ORD022291,REST0774,CUST08177,COUR2175,-37.8177561,145.0078014,2020-05-21,01:19:07,0,0,Motorbike,"[('sunday brunch', 1), ('cocktails', 3)]",10,67.1,4199.0,8,9.51,3.1299
ORD126025,REST0978,CUST01651,COUR2630,-37.809295,145.0017436,2020-04-01,01:46:48,0,0,Car,"[('chicken tikka', 2), ('kulfi', 3), ('sweet corn soup', 2), ('butter naan', 2)]",20,136.45,3477.0,8,9.02,3.434523853399929
ORD221213,REST0774,CUST02400,COUR4604,-37.8065954,144.9860905,2020-01-31,20:54:03,0,0,Bike,"[('shotgun chicken', 1), ('beer', 3)]",0,36.39,2886.0,14,9.51,3.9531
ORD070336,REST0978,CUST01031,COUR0708,-37.8049802,144.9249672,2020-08-20,23:32:18,0,0,Bike,"[('steak', 3), ('sweet corn soup', 3)]",45,45.39,4777.0,24,9.02,5.044814790296027
ORD207031,REST2023,CUST02735,COUR0582,-37.8120549,144.9509981,2020-09-26,14:18:27,0,1,Bike,"[('duck roast', 1), ('vegetable stew', 1), ('roast chicken', 1)]",0,38.56,946.0,5,8.39,4.0989
ORD037649,REST1829,CUST07425,COUR3140,-37.8059867,144.979449,2020-01-27,13:27:01,1,0,Car,"[('sweet corn soup', 3), ('egg fried rice', 1), ('noodles', 3)]",20,80.14,4879.0,12,8.05,5.491213910114711
ORD177792,REST1829,CUST02539,COUR1240,-37.8045049,145.002706,2020-10-27,15:17:48,0,0,Bike,"[('chowmein', 1), ('egg fried rice', 1), ('noodles', 1)]",45,22.54,7860.0,39,8.05,6.5726
ORD341019,REST1420,CUST03301,COUR3511,-37.798676,144.9488086,2020-05-12,21:45:29,0,0,Bike,"[('beef curry', 1), ('chicken curry', 1), ('beef fry', 1), ('roast beef', 2)]",40,37.59,756.0,4,9.26,3.1121
ORD328631,REST0978,CUST08712,COUR0809,-37.8173972,144.9674084,2020-12-14,06:00:00,0,0,Car,"[('kulfi', 3), ('sweet corn soup', 3), ('mudpie', 1), ('beef chilli', 1)]",45,76.26,2267.0,5,9.02,3.2614
ORD200060,REST2023,CUST02037,COUR2187,-37.802521,144.9492667,2020-01-28,15:29:40,0,0,Bike,"[('vegetable stew', 2), ('duck roast', 1)]",20,16.93,2134.0,11,8.39,3.7797
ORD107085,REST0978,CUST11447,COUR3021,-37.8171086,144.9853634,2020-09-22,13:58:40,1,0,Car,"[('butter naan', 1), ('beef chilli', 2), ('mutton biryani', 1)]",10,72.37,2830.0,7,9.02,4.815322737111854
ORD305552,REST2023,CUST01344,COUR4929,-37.8215382,144.9671453,2020-10-30,06:15:49,0,0,Bike,"[('duck roast', 1), ('vegetable stew', 3), ('roast chicken', 1), ('appam', 3)]",10,97.17,2827.0,14,8.39,4.150532862767285
ORD023748,REST1420,CUST09328,COUR0722,-37.8209345,144.9613277,2020-05-13,12:03:57,1,0,Car,"[('fish fry', 1), ('beef curry', 1), ('beef fry', 2)]",0,70.59,2540.0,6,9.26,4.7303
ORD045892,REST1420,CUST04088,COUR0259,-37.81916,144.9847744,2020-11-15,06:43:30,0,1,Car,"[('beef curry', 2), ('masala dosa', 2), ('fish fry', 1)]",0,74.46,4240.0,10,9.26,4.2622
ORD146384,REST1829,CUST13515,COUR4435,-37.8249406,144.9329693,2020-08-21,11:36:15,0,0,Car,"[('chowmein', 3), ('noodles', 3), ('momos', 3), ('manchurian', 1)]",10,106.0,4804.0,12,8.05,4.00977184284678
ORD079094,REST1829,CUST04151,COUR3561,-37.8196813,144.9810997,2020-05-07,10:56:42,0,0,Car,"[('manchurian', 2), ('chowmein', 2)]",40,30.6,4417.0,11,8.05,3.8726
ORD322756,REST1829,CUST03546,COUR0999,-37.8212796,145.0041719,2020-08-22,04:40:52,0,1,Motorbike,"[('noodles', 3), ('manchurian', 1)]",0,40.29,6696.0,13,8.05,5.2681
ORD149087,REST1829,CUST00658,COUR4571,-37.8066249,144.9475429,2020-06-09,20:14:30,0,0,Motorbike,"[('noodles', 1), ('manchurian', 1)]",40,13.51,2231.0,4,8.05,3.279
ORD296840,REST0978,CUST04331,COUR0756,-37.8196423,144.979661,2020-01-17,11:32:18,0,0,Motorbike,"[('kulfi', 1), ('beef chilli', 1), ('steak', 1)]",20,46.28,3517.0,7,9.02,2.8885
ORD112298,REST1829,CUST13208,COUR0521,-37.8204768,144.9771165,2020-09-07,13:19:07,1,0,Motorbike,"[('manchurian', 1), ('sweet corn soup', 1), ('egg fried rice', 2)]",40,43.09,4257.0,9,8.05,5.3051
ORD228354,REST1420,CUST03045,COUR2129,-37.8029455,144.9816988,2020-05-26,12:07:54,1,0,Motorbike,"[('roast beef', 3), ('beef fry', 3), ('chicken biryani', 3)]",20,114.6,3365.0,7,9.26,4.772598962623732
ORD237778,REST1829,CUST07677,COUR2567,-37.810948,144.9628326,2020-03-03,10:52:44,0,0,Bike,"[('momos', 1), ('egg fried rice', 2)]",0,54.39,3340.0,17,8.05,4.3696
ORD213523,REST2023,CUST09043,COUR4543,-37.8253708,144.9892856,2020-09-27,22:21:05,0,1,Car,"[('appam', 1), ('duck roast', 3)]",0,40.15,4518.0,11,8.39,4.8939
ORD197534,REST1420,CUST12176,COUR1837,-37.8022591,144.9633489,2020-07-24,14:46:09,0,0,Motorbike,"[('beef fry', 3), ('chicken biryani', 2), ('masala dosa', 3)]",0,149.2,1584.0,3,9.26,3.0619
ORD267962,REST1420,CUST07759,COUR0047,-37.8135759,144.9642308,2020-02-17,02:54:03,0,0,Car,"[('beef curry', 2), ('chicken curry', 2), ('fish fry', 2), ('beef fry', 2)]",20,86.26,2182.0,5,9.26,3.0898705282437886
ORD154469,REST2023,CUST11743,COUR1182,-37.8179477,144.9934677,2020-09-23,17:12:31,0,0,Car,"[('vegetable stew', 3), ('roast chicken', 3), ('duck roast', 1), ('appam', 3)]",0,156.71,4629.0,11,8.39,3.6602
ORD041691,REST1420,CUST03791,COUR3542,-37.8233965,144.9355797,2020-05-09,21:17:48,0,1,Motorbike,"[('masala dosa', 2), ('beef fry', 1), ('chicken biryani', 1), ('chicken curry', 1)]",40,47.21,3822.0,8,9.26,4.359426314721627
ORD000252,REST1420,CUST01397,COUR2897,-37.8008397,144.9623254,2020-07-06,16:05:16,0,0,Bike,"[('beef curry', 2), ('roast beef', 2)]",0,43.98,1621.0,8,9.26,3.405
ORD037848,REST1420,CUST11255,COUR0229,-37.8051431,144.9573951,2020-10-18,19:54:43,1,1,Motorbike,"[('roast beef', 2), ('beef curry', 3)]",45,28.85,1204.0,2,9.26,5.2370092806535204
ORD112545,REST0774,CUST02900,COUR4853,-37.8052631,144.9863214,2020-12-01,03:25:42,0,0,Motorbike,"[('beer', 1), ('shotgun chicken', 2), ('cocktails', 2), ('new zealand lamb chops', 1)]",0,90.67,3038.0,6,9.51,3.1582
ORD207846,REST0774,CUST07737,COUR2183,-37.8020399,144.9570886,2020-12-02,08:30:19,0,0,Motorbike,"[('pasta', 2), ('new zealand lamb chops', 1), ('red wine sangria', 1)]",0,66.42,2290.0,5,9.51,3.0453665964853287
ORD286157,REST0978,CUST03595,COUR0178,-37.8255038,144.9516026,2020-02-18,23:12:31,0,0,Car,"[('steak', 2), ('mudpie', 1), ('beef chilli', 2), ('mutton biryani', 3)]",40,75.1,4115.0,10,9.02,3.6683
ORD026109,REST1829,CUST11855,COUR0056,-37.8096005,144.9891625,2020-07-27,09:29:40,0,0,Motorbike,"[('egg fried rice', 1), ('momos', 1), ('noodles', 3)]",0,60.84,5453.0,11,8.05,3.9004
ORD144898,REST0774,CUST09211,COUR0362,-37.8077662,144.9698506,2020-05-28,07:07:15,0,0,Car,"[('red wine sangria', 1), ('cocktails', 3), ('shotgun chicken', 1)]",0,92.12,1970.0,5,9.51,3.0453665964853287
ORD225927,REST1420,CUST06827,COUR0792,-37.8026123,144.9705446,2020-06-09,06:15:49,0,0,Car,"[('beef curry', 1), ('beef fry', 2), ('chicken curry', 1), ('chicken biryani', 2)]",40,49.3,2268.0,5,9.26,3.0606
ORD026647,REST0774,CUST09907,COUR3803,-37.7990374,144.9357658,2020-06-28,08:38:14,0,1,Bike,"[('red wine sangria', 2), ('pasta', 3)]",40,52.21,6389.0,32,9.51,6.7303587883073135
ORD319002,REST1829,CUST09788,COUR0137,-37.8071992,144.9775117,2020-12-08,09:37:34,0,0,Bike,"[('manchurian', 1), ('momos', 1), ('noodles', 2)]",0,45.35,4828.0,24,8.05,5.3095
ORD302398,REST0978,CUST07549,COUR3859,-37.812957,144.9434602,2020-01-18,11:04:36,0,1,Bike,"[('mudpie', 1), ('chicken tikka', 2), ('steak', 3)]",10,88.14,3275.0,16,9.02,5.2072955576577975
ORD212817,REST0774,CUST13697,COUR4209,-37.8191868,144.9541987,2020-05-29,15:49:27,0,0,Car,"[('sunday brunch', 2), ('shotgun chicken', 2)]",0,62.6,1038.0,2,9.51,2.8792
ORD195910,REST0774,CUST13237,COUR1261,-37.8210354,144.9783837,2020-12-08,23:04:36,0,0,Motorbike,"[('sunday brunch', 2), ('shotgun chicken', 1), ('beer', 2)]",0,61.86,1615.0,3,9.51,2.8440802293733163
ORD094907,REST0978,CUST13175,COUR1348,-37.8087422,144.9422614,2020-04-25,14:46:09,0,1,Motorbike,"[('mutton biryani', 3), ('beef chilli', 1), ('mudpie', 1)]",0,73.29,3891.0,8,9.02,4.402150089209749
ORD225095,REST0774,CUST03658,COUR4337,-37.8000394,144.9694091,2020-09-15,02:02:38,0,0,Motorbike,"[('red wine sangria', 3), ('beer', 2), ('cocktails', 2), ('shotgun chicken', 2)]",0,139.68,2819.0,6,9.51,3.146009780041335
ORD120987,REST1420,CUST11694,COUR0569,-37.8097448,144.9931259,2020-07-15,18:15:49,1,0,Bike,"[('beef fry', 2), ('masala dosa', 1)]",40,38.06,4143.0,21,9.26,6.181603532407818
ORD038300,REST2023,CUST04943,COUR0650,-37.8120939,144.9738315,2020-10-17,03:01:58,0,1,Car,"[('appam', 1), ('duck roast', 3), ('vegetable stew', 2)]",10,48.68,2849.0,7,8.39,4.6064
ORD150965,REST1420,CUST02996,COUR3857,-37.7996134,144.9606742,2020-09-28,02:54:03,0,0,Bike,"[('fish fry', 3), ('chicken curry', 3), ('beef curry', 3)]",20,76.8,1431.0,7,9.26,3.3397
ORD101616,REST2023,CUST04483,COUR4929,-37.8189476,144.972777,2020-05-23,04:05:16,0,1,Bike,"[('duck roast', 3), ('appam', 1), ('vegetable stew', 1)]",0,47.12,2758.0,14,8.39,5.118159098577106
ORD008373,REST0774,CUST11453,COUR3489,-37.8191693,145.0153609,2020-07-18,10:17:08,0,1,Motorbike,"[('new zealand lamb chops', 1), ('cocktails', 2), ('pasta', 3)]",10,92.55,5984.0,12,9.51,4.717495117187191
ORD193121,REST0978,CUST01448,COUR4650,-37.8108611,144.9688291,2020-01-06,00:27:41,0,0,Bike,"[('mutton biryani', 2), ('steak', 1), ('chicken tikka', 3), ('sweet corn soup', 2)]",20,101.22,1415.0,7,9.02,3.0637
ORD314780,REST0978,CUST05053,COUR2790,-37.8097201,144.9723055,2020-11-13,07:03:17,0,0,Car,"[('beef chilli', 2), ('steak', 2)]",0,75.7,1196.0,3,9.02,3.058
ORD267575,REST1420,CUST06627,COUR1580,-37.8243679,144.9828821,2020-03-29,03:45:29,0,1,Motorbike,"[('beef curry', 1), ('fish fry', 1), ('chicken biryani', 1)]",20,31.27,4530.0,9,9.26,4.6606
ORD069637,REST1829,CUST06045,COUR2738,-37.8064414,144.9413287,2020-09-25,05:36:15,0,0,Motorbike,"[('egg fried rice', 1), ('momos', 1), ('manchurian', 1), ('noodles', 3)]",40,44.68,1769.0,4,8.05,2.8106
ORD087339,REST1420,CUST13448,COUR3024,-37.8252059,144.9818541,2020-04-17,15:13:50,0,0,Bike,"[('beef curry', 3), ('beef fry', 3), ('fish fry', 1), ('chicken biryani', 1)]",0,121.76,4645.0,23,9.26,4.901447832251899
ORD078974,REST0774,CUST06924,COUR0964,-37.805561,144.9559188,2020-07-09,13:19:07,1,0,Motorbike,"[('sunday brunch', 2), ('pasta', 3)]",40,49.13,2013.0,4,9.51,4.7201
ORD304363,REST1829,CUST03913,COUR4761,-37.8213426,144.9463561,2020-06-02,08:14:30,0,0,Car,"[('noodles', 1), ('chowmein', 2), ('sweet corn soup', 1)]",0,50.41,2956.0,7,8.05,3.506555925066749
ORD282732,REST0774,CUST05295,COUR2169,-37.8176529,144.9694112,2020-08-16,17:36:15,0,1,Motorbike,"[('red wine sangria', 3), ('pasta', 3), ('new zealand lamb chops', 1)]",20,96.46,708.0,1,9.51,3.7982
ORD004338,REST1829,CUST09922,COUR2479,-37.8038715,144.9917355,2020-06-11,17:52:05,0,0,Motorbike,"[('chowmein', 2), ('noodles', 1)]",0,32.65,6297.0,13,8.05,3.779
ORD029734,REST0978,CUST09506,COUR2765,-37.8034338,144.9834853,2020-04-18,21:01:58,0,1,Motorbike,"[('steak', 1), ('mutton biryani', 2)]",0,37.41,1417.0,3,9.02,3.8046
ORD006700,REST0978,CUST11897,COUR1595,-37.8182522,145.001559,2020-05-31,00:31:38,0,1,Motorbike,"[('chicken tikka', 1), ('beef chilli', 1), ('kulfi', 2), ('mudpie', 1)]",0,98.94,4270.0,9,9.02,4.8731
ORD161433,REST1420,CUST03046,COUR2640,-37.7989244,144.9701673,2020-07-21,08:54:03,0,0,Bike,"[('masala dosa', 2), ('fish fry', 3), ('chicken biryani', 3), ('roast beef', 1)]",40,86.76,2485.0,12,9.26,3.7943728131358316
ORD273574,REST1829,CUST07755,COUR2129,-37.8133508,144.9651096,2020-03-16,01:42:51,0,0,Motorbike,"[('chowmein', 3), ('manchurian', 3)]",45,42.08,3621.0,7,8.05,3.0019
ORD312662,REST2023,CUST09625,COUR1346,-37.8123412,144.9734482,2020-05-17,05:24:23,0,1,Motorbike,"[('appam', 2), ('vegetable stew', 3), ('roast chicken', 2)]",0,106.63,2761.0,6,8.39,4.313013630129056
ORD323722,REST1829,CUST02619,COUR0952,-37.8093617,144.9604329,2020-12-12,16:09:13,0,1,Motorbike,"[('noodles', 2), ('manchurian', 3), ('egg fried rice', 2)]",0,99.08,3236.0,6,8.05,4.575
ORD346301,REST0978,CUST07056,COUR2338,-37.8008218,144.9568101,2020-03-01,02:46:09,0,1,Bike,"[('steak', 2), ('mudpie', 1), ('butter naan', 1)]",0,63.54,1366.0,7,9.02,4.301506905653742
ORD333506,REST1829,CUST09420,COUR4432,-37.8094152,144.9637725,2020-01-17,22:25:03,0,0,Car,"[('sweet corn soup', 2), ('noodles', 3)]",45,34.2,3400.0,8,8.05,3.8532
